"id","display_name"
"10101008006","AK47-Beast-Noble Gold"
"10102007006","M4A1-Iron Beast-Noble Gold"
"10202018006","Barrett M82A1-Born Beast-Noble Gold"
"10602026006","Desert Eagle-Born Beast-Noble Gold"
"10704012006","Kukri-Beast-Noble Gold"
"10101111006","AK47-Born Beast-Noble Gold"
"10202030006","Barrett M82A1-Iron Shark-Noble Gold"
"10102138006","M4A1-Beast-Noble Gold"
"10607011006","RSH-12-Born Beast-Noble Gold"
"10707016006","Shovel-Born Beast-Noble Gold"
"10102156006","M4A1-Born Beast-Noble Gold"
"10209008006","QBU09-El Dorado-Noble Gold"
"10101179006","AK47-Steel Empire-Noble Gold"
"10602072006","Desert Eagle-Thunder-Noble Gold"
"10705016006","Bladed Knuckles-Infernal Dragon-Noble Gold"
"10101084006","AK47-Iron Beast-Noble Gold"
"10102115006","M4A1-Predator-Noble Gold"
"10201033006","AWM-Infernal Dragon-Noble Gold"
"10602037006","Desert Eagle-El Dorado-Noble Gold"
"10703019006","B.C Axe-Beast-Noble Gold"
"10802079001","Flashbang-Armoured Beast-Noble Gold"
"10803066001","Smoke-Armoured Beast-Noble Gold"
"10802043001","Flashbang-Born Beast-A-Noble Gold"
"10803031001","Smoke-Born Beast-A-Noble Gold"
"10802010001","Flashbang-Iron Beast-Noble Gold"
"10803014001","Smoke-Iron Beast-Noble Gold"
"10803026001","Smoke-Beast-Noble Gold"
"10802036001","Flashbang-Beast-Noble Gold"
"10802066001","Flashbang-Quan Vũ-Noble Gold"
"10803050001","Smoke-Quan Vũ-Noble Gold"
"10802019001","Flashbang-Born Beast-Noble Gold"
"10803017001","Smoke-Born Beast-Noble Gold"
"10802093001","Flashbang-Titanium Beast-Noble Gold"
"10803083001","Smoke-Titanium Beast-Noble Gold"
"10801114001","Grenade-Beast-Noble Gold"
"10602089006","Desert Eagle-Tào Tháo"
"10707027006","Shovel-Tào Tháo"
"10102153006","M4A1-Tư Mã Ý"
"10102131006","M4A1-Mã Siêu"
"10617008006","Dual Double Barrel-Mã Siêu"
"10706031006","Spear-Mã Siêu"
"10101156006","AK47-Tào Tháo"
"10202028006","Barrett M82A1-Hoàng Trung"
"10602043006","Desert Eagle-Hoàng Trung"
"10702050006","Bloody Blade"
"10101200006","AK47-Lữ Bố"
"10102110006","M4A1-Gia Cát Lượng"
"10140006006","MK47-Lưu Bị"
"10601011006","USP-Lưu Bị"
"10702067006","Dual Sword-Lưu Bị"
"10101103006","AK47-Triệu Vân"
"10603006006","Mauser M1896-Triệu Vân"
"10706033006","Silver Pike-Triệu Vân"
"10305010006","Gatling Gun-Trương Phi"
"10602061006","FX Air Pistol-Trương Phi"
"10706018006","Snake Spear"
"10102088006","M4A1-Quan Vũ"
"10609007006","Glock18-Quan Vũ"
"10741003006","Dragon Blade-Quan Vũ"
"10801244001","Grenade-Gia Cát Lượng"
"10803089001","Smoke-Gia Cát Lượng"
"10802102001","Flashbang-Gia Cát Lượng"
"10806013001","Molotov-Gia Cát Lượng"
"10801252001","Grenade-Quan Vũ"
"10802110001","Flashbang-Quan Vũ"
"10803096001","Smoke-Quan Vũ"
"10801104001","AK47-Born Beast-Noble Gold Grenade"
"10801081001","AK47-Iron Beast-Noble Gold Grenade"
"10801126001","Grenade-Born Beast-A-Noble Gold"
"10101006006","AK47-Beast"
"10602015006","Desert Eagle-Beast"
"10704009006","Kukri-Beast"
"10101005006","AK47-Iron Beast"
"10602030006","Desert Eagle-Iron Beast"
"10703012006","B.C Axe-Iron Beast"
"10202003006","Barrett M82A1-Born Beast"
"10602005006","Desert Eagle-Born Beast"
"10706009006","Keris-Born Beast"
"10102006006","M4A1-Born Beast"
"10617004006","Dual Double Barrel-Born Beast"
"10702030006","Laser Dagger-Born Beast"
"10102005006","M4A1-Iron Beast"
"10801055001","Grenade-Beast"
"10802006001","Flashbang-Beast"
"10803008001","Smoke-Beast"
"10801059001","Grenade-Born Beast"
"10802008001","Flashbang-Born Beast"
"10803010001","Smoke-Born Beast"
"10801115001","Grenade-Born Beast-A"
"10802037001","Flashbang-Born Beast-A"
"10803027001","Smoke-Born Beast-A"
"10806007001","Molotov-Born Beast-A"
"10703008006","B.C Axe-Transformer Beast"
"10704004006","Kukri-Dragon"
"10705005006","Knuckle2-Infernal Dragon"
"10703005006","B.C Axe-Beast"
"10101239006","AK47-Spring-Alpha"
"10101240006","AK47-Spring"
"10101012006","AK47-Beast-Alpha"
"10102025006","M4A1-Predator"
"10202005006","Barrett M82A1-Iron Shark"
"10201055006","AWM-Angel"
"10403007006","MK5-Mechanical Era"
"10321003006","QBB95-Ancient War"
"10120017006","QBZ03-Knife-Jade Flower"
"10102193006","M4A1-S-Born Beast Ice Soul"
"10305013006","Gatling Gun-Snake"
"10211012006","98K-Blood Moon"
"10404002006","Thompson-Infernal Dragon"
"10617016006","Dual Double Barrel-Future Soldier"
"10405006006","Dual Steyr TMP-Angel"
"10515013006","KSG-Angel"
"10101035006","AK47-Anubis"
"10201003006","AWM-Infernal Dragon"
"10104020006","SCAR Light-N22"
"10101245006","AK47-Mộc Lan"
"10101202006","AK47-Born Beast Blood Warrior"
"10101214006","AK47-Legends of Huaxia​​"
"10102181006","M4A1-S-Steel Empire"
"10101119006","AK47-Steel Empire"
"10101147006","AK47-Angel"
"10102036006","M4A1-Angel"
"10120008006","QBZ03-Jewelry"
"10615006006","QSZ92-Jewelry"
"10719006006","Nunchaku-Jewelry"
"10704019006","Blood Moon"
"10102121006","M4A1-S-Chameleon"
"10104011006","SCAR-Dark Knight"
"10202031006","Barrett M82A1-Jewelry"
"10602010006","Desert Eagle-Thunder"
"10707008006","Shovel-Born Beast"
"10801038001","Grenade-Predator"
"10101258006","AK47-S-Rifle Knife"
"10703023006","Blood Sun"
"10101166006","AK47-Legendary Red"
"10102182006","M4A1-S-Transformer Virgo"
"10403012006","MK5-Iron Shark"
"10206005006","M200-Dominator"
"10628006006","MK23-Dominator"
"10702054006","Dagger-Dominator"
"10614004006","COP 357-Iron Beast"
"10104016006","SCAR Light-White Tiger"
"10202073006","Barrett M82A1-Winter-Alpha"
"10202074006","Barrett M82A1-Winter"
"10140004006","MK47-Yun"
"10413006006","P90-Dilophosaurus"
"10628008006","MK23-Dilophosaurus"
"10705044006","Dual Karambit-Dilophosaurus"
"10414006006","CZS2-Heartbeat Dimension-Alpha"
"10102209006","M4A1-Born Beast II"
"10614013006","COP 357-Born Beast II"
"10705032006","Knuckle2-Infernal Dragon-Born Beast II"
"10505007006","AA12-Gaming Glory"
"10607023006","Anaconda-Gaming Glory"
"10704037006","Kukri-Gaming Glory"
"10101024006","AK47-Born Beast-Alpha"
"10607005006","Anaconda-Born Beast-Alpha"
"10707003006","Shovel-Born Beast-Alpha"
"10801192001","Wide Grenade-Born Beast II"
"10802070001","Flashbang-Born Beast II"
"10803055001","Smoke-Born Beast II"
"10802089001","Flashbang-Iron Beast"
"10803079001","Smoke-Iron Beast"
"10102244006","M4A1-Iron Wolf"
"10148002006","QBZ191-Golden Armor Tiger Roar"
"10706056006","Spear-Mộc Lan"
"10607043006","Modified Glock-Mộc Lan"
"10140002006","MK47-Mechanical Era"
"10102111006","M4A1-Beast-Sakura-1st"
"10102112006","M4A1-Beast Sakura II"
"10101112006","AK47-Gladiator Sakura I"
"10101114006","AK47-Gladiator Sakura-Pinnacle"
"10101167006","AK47-Anubis Sakura I"
"10101169006","AK47-Anubis Sakura-Pinnacle"
"10107007006","AUG-Mechanical Era"
"10628003006","MK23-Mechanical Era"
"10704036006","Kukri-Mechanical Era"
"10801120001","Grenade-Mechanical Era"
"10802042001","Flashbang-Mechanical Era"
"10803030001","Smoke-Mechanical Era"
"10802005001","Flashbang-Predator"
"10803006001","Smoke-Predator"
"10120005006","QBZ03-Born Beast"
"10302002006","RPK-Inferno Dragon"
"10102032006","M4A1-Jewelry"
"10104008006","SCAR-Dark Knight-Alpha"
"10105003006","AN94-Smilodon"
"10110004006","M14EBR-Born Beast-Alpha"
"10305005006","Dual Gatling Gun-Bastion"
"10102171006","M4A1-Gaming Glory"
"10510004006","Dual Desperado-Armoured Beast"
"10602055006","Desert Eagle-Armoured Beast"
"10702034006","I.A. Sword-Armoured Beast"
"10101224006","AK47-Predator"
"10109008006","9A91-Predator"
"10120012006","QBZ03-Predator"
"10408007006","QCW05-Predator"
"10625001006","CZ75-Predator"
"10738002006","Jungle Knife-Predator"
"10123010006","HK416-Iron Shark"
"10515014006","KSG-Iron Shark"
"10321002006","QBB95-Iron Shark"
"10702036006","Butterfly Knife-Iron Shark"
"10629001006","Dual Colt1911-Iron Shark"
"10110016006","M14EBR-El Dorado"
"10109017006","9A91-El Dorado"
"10209004006","QBU09-El Dorado"
"10602029006","Desert Eagle-El Dorado"
"10503004006","Armsel Striker-El Dorado"
"10702087006","Butterfly Knife-El Dorado"
"10138002006","QBZ19-Angel"
"10221002006","TAC-Angel"
"10318003006","Lewis Gun-Angel"
"10103006006","QBZ95-Angel"
"10615007006","QSZ92-Angel"
"10719007006","Nunchaku-Angel"
"10706010006","Greatsword-Angel"
"10803059001","Smoke-Angel"
"10802073001","Flashbang-Angel"
"10801200001","Grenade-Angel"
"10519002006","M1216-Blood Moon"
"10414008006","CZS2-Blood Moon"
"10318002006","Lewis Gun-Blood Moon"
"10602134006","FX Air Pistol-Blood Moon"
"10101053006","AK47-Earl Royal"
"10405009006","Steyr TMP-Demon"
"10113006006","M16-Demon"
"10105028006","AN94-Terracotta Army"
"10110019006","M14EBR-Stalker"
"10102139006","M4A1-Red Knife Beast"
"10505008006","AA12-Iron Beast"
"10202010006","Barrett M82A1-Iron Beast"
"10801225001","Grenade-Iron Beast"
"10710007006","Thunderbolt Hammer-Iron Beast"
"10801141001","Grenade-Gaming Glory"
"10802051001","Flashbang-Gaming Glory"
"10803038001","Smoke-Gaming Glory"
"10802025001","Flashbang-Armoured Beast"
"10803023001","Smoke-Armoured Beast"
"10801110001","Grenade-Armoured Beast"
"10103016006","QBZ95-Armoured Beast"
"10209006006","QBU09-Armoured Beast"
"10601005006","USP-Transformer Beast"
"10703049006","B.C Axe-Autumn-Alpha"
"10703050006","B.C Axe-Autumn"
"10704049006","Kukri-Ice"
"10602103006","Desert Eagle-Ice"
"10102194006","M4A1-Ice"
"10102011006","M4A1-Beast"
"10405015006","Steyr TMP-Armoured Beast"
"10515004006","KSG-Born Beast"
"10101175006","AK47-Gaming Glory"
"10201047006","AWM-Gaming Glory"
"10206010006","M200-Heartbeat Dimension-Alpha"
"10614019006","COP 357-Red Qipao"
"10614011006","COP 357-Titanium Beast"
"10139002006","G36-Mechanical Era"
"10102250006","M4A1-Fury Beast"
"10601008006","USP-Fury Beast"
"10741007006","Dragon Blade-Fury Beast"
"10202071006","Barrett M82A1-Iron Shark-JNS-Sports"
"10102108006","M4A1-Tournament Spirit"
"10602078006","Desert Eagle-Tournament Spirit"
"10101118006","AK47-Tournament Spirit"
"10139004006","G36-Tournament Spirit"
"10703028006","B.C Axe-Tournament Spirit"
"10802047001","Flashbang-Tournament Spirit"
"10803035001","Smoke-Tournament Spirit"
"10801133001","Grenade-Tournament Spirit"
"10801165001","Grenade-Fury Beast"
"10803046001","Smoke-Fury Beast"
"10802059001","Flashbang-Fury Beast"
"10101196006","AK47-Fury Beast"
"10102199006","M4A1-Beast Jade-Zihan"
"10202035006","Barrett M82A1-Born Beast-The Fates GR"
"10102132006","M4A1-Iron Beast-Laura"
"10101264006","AK47-Titanium Beast"
"10415002006","M12S-Titanium Beast"
"10704048006","Kukri-Titanium Beast"
"10801172001","Wide Grenade-Titanium Beast"
"10803048001","Smoke-Titanium Beast"
"10802063001","Flashbang-Titanium Beast"
"10408005006","QCW05-Future Soldier"
"10202014006","Barrett M82A1-Gun Girl"
"10102079006","M4A1-Gun Girl"
"10120014006","QBZ03-Gun Girl"
"10408009006","QCW05-Gaming Glory"
"10102041006","M4A1-Ranger"
"10101054006","AK47-Ranger"
"10201032006","AWM-Ranger"
"10109013006","9A91-Ranger"
"10602038006","Desert Eagle-Ranger"
"10707018006","Shovel-Ranger"
"10101205006","AK47-Poseidon"
"10602102006","Desert Eagle-Poseidon"
"10711004006","Trident-Poseidon"
"10501010006","VEPR12-Zeus"
"10609017006","Glock18-Zeus"
"10706049006","Thunder Scepter-Zeus"
"10102202006","M4A1-Hades"
"10617011006","Dual Double Barrel-Hades"
"10703037006","Scythe-Hades"
"10101234006","AK47-Pterosaur"
"10633002006","MAC-10-Pterosaur"
"10705041006","Bladed Knuckles-Pterosaur"
"10521002006","M1216-T-Rex"
"10607045006","Anaconda-T-Rex"
"10703052006","B.C Axe-T-Rex"
"10211017006","98K-Dragonfly"
"10609022006","Glock-Dragonfly"
"10704074006","Kukri-Dragonfly"
"10412002006","CBJ-MS-Magic Circle"
"10603011006","Mauser M1896-Magic Circle"
"10754002006","Chainsaw-Magic Circle"
"10221007006","TAC-Fury Beast"
"10102190006","M4A1-Titanium Beast"
"10202064006","Barrett M82A1-Titanium Beast"
"10703038006","B.C Axe-Beast-Born Beast II"
"10703042006","Ancient Axe"
"10101051006","AK47-Gladiator"
"10101098006","AK47-Rush"
"10102116006","M4A1-Rush"
"10202032006","Barrett M82A1-Angela"
"10229003006","VSK-94-Chiyou"
"10801227001","Wide Grenade-Unlimited"
"10623008006","Colt1911-Sơn Hải Kinh"
"10225003006","GM6-War Storm"
"10318005006","Lewis Gun-Star Ark"
"10221005006","TAC-Qing"
"10413004006","P90-Rabbit"
"10145003006","G3A3-Glaze"
"10147002006","QBZ97-Lan"
"10625010006","CZ75-Dragon Mountain"
"10609010006","Modified Glock-Beast"
"10105014006","AN94-Smilodon-Neon"
"10201031006","AWM-Cyber"
"10409003006","American 180-Hell Phoenix"
"10602129006","Dual Desert Eagle-Thunder Beast"
"10704067006","Dual Kukri-Thunder Beast"
"10602136006","Desert Eagle-Born Beast Morax"
"10405016006","Steyr TMP-Butterfly"
"10141003006","SKS-Medusa"
"10750002006","Soulstealer"
"10305017006","Gatling Gun-Starship"
"10211015006","98K-Satellite"
"10211008006","98K-Born Beast"
"10703039006","B.C Axe-Steel Empire"
"10201049006","AWM-Red Frame Hawk"
"10110009006","M14EBR-Born Beast"
"10225005006","GM6-Mechanical Era"
"10101136006","AK47-Chameleon"
"10307008006","KAC-Chameleon"
"10202040006","Barrett M82A1-Chameleon"
"10602063006","Dual Desert Eagle-Chameleon"
"10704030006","Dual Kukri-Chameleon"
"10601010006","USP-Steel Empire"
"10101028006","AK47-Born Beast"
"10415003006","M12S-Gun Girl"
"10607006006","Anaconda-Born Beast"
"10102216006","M4A1-Heartbeat Dimension"
"10206011006","M200-Heartbeat Dimension"
"10414007006","CZS2-Heartbeat Dimension"
"10102113006","M4A1-Beast Sakura-Pinnacle"
"10710012006","Thunder's Wrath"
"10801101001","Molotov-Ranger"
"10802017001","Flashbang-Ranger"
"10803015001","Smoke-Ranger"
"10504003006","Golden Shark"
"10706047006","Dynasty Sword-Glory"
"10705010006","Bladed Knuckles-Black Dragon"
"10102071006","M4A1-Anubis"
"10320007006","MG36-Dark Knight-Alpha"
"10702096006","Knife Ultimate Goldsmith"
"10101174006","AK47-Lucky Day"
"10101287006","AK47-Steel Frenzy"
"10102086006","M4A1-Overlimit Engine"
"10101110006","AK47-Shade Turbo"
"10302008006","RPK-Medusa"
"10320002006","MG36-Born Beast"
"10606009006","Pháo Rồng Sữa"
"10803127001","Smoke-Rồng Sữa"
"10318007006","Lewis Gun-Steel Frenzy"
"10607029006","Python-Firepower-Alpha"
"10602064006","Dual Desert Eagle-Drake"
"10706065006","Keris-Earl"
"10101060006","AK47-Emrald Rebirth"
"10101223006","AK47-Predator-Alpha"
"10102162006","M4A1-Red Knife Beast-Alpha"
"10102151006","M4A1-Stealth"
"10501008006","SPAS-12-Blue Honor"
"10806005001","Molotov-White Dew Tea"
"10607019006","Anaconda-Blue Honor"
"10202056006","Barrett M82A1-Born Beast-Beta"
"10101076006","AK47-Born Beast-Beta"
"10101201006","AK47-Born Beast Blood Warrior-Beta"
"10102144006","M4A1-Iron Beast-Beta-Prototype"
"10102179006","M4A1-Born Beast-Beta"
"10102192006","M4A1-S-Born Beast Ice Soul-Beta"
"10201046006","AWM-Infernal Dragon-Beta"
"10602093006","Desert Eagle-El Dorado-Beta"
"10607008006","Anaconda-Born Beast-Beta"
"10704033006","Kukri-Dragon-Beta"
"10707012006","Shovel-Born Beast-Beta"
"10102160006","M4A1-Azure Dragon-Beta"
"10405019006","Steyr TMP-Death Eye"
"10702028006","Butterfly Knife-Gold"
"10413003006","P90-Rabbit-Alpha"
"10141002006","SKS-Medusa-Alpha"
"10405013006","Steyr TMP-Luna-Gold"
"10503003006","Armsel Striker-Oriental Phoenix-Gold"
"10102107006","M4A1-S-Gold"
"10102159006","M4A1-Blue Silver Dragon"
"10120010006","QBZ03-Invincible Dragon"
"10211006006","Kar 98K-Invincible Dragon"
"10103013006","QBZ95-Invincible Dragon"
"10101082006","AK47-Invincible Dragon"
"10602003006","Desert Eagle-Gold"
"10707010006","Shovel-Eternal Dragon"
"10101007006","AK47-Gold"
"10801065001","Grenade-Iron Mace"
"10102038006","M4A1-Gilt"
"10607004006","Anaconda-Gilt"
"10707005006","Shovel-Gilt"
"10202009006","Barrett M82A1-Noble Dragon"
"10603003006","M1896-Noble Dragon"
"10703007006","B.C Axe-Noble Dragon"
"10101029006","AK47-Earl"
"10102069006","M4A1-Earl"
"10601003006","USP-Earl"
"10403016006","Dog Gun"
"10403017006","Horse Gun"
"10110011006","M14EBR-Gold"
"10601004006","USP-Gold"
"10607044006","Anaconda-Gold"
"10703027006","B.C Axe-Gold"
"10402004006","Dual UZI-Gold"
"10738012006","Jungle Knife-Gold"
"10401010006","MP5-Gold"
"10628001006","MK23-Blue Crack"
"10627001006","Air Pistol"
"10801121001","Grenade-Gold"
"10801134001","Grenade-Mini"
"10801193001","Grenade-AI"
"10802078001","Flashbang-Container"
"10802081001","Flashbang-Angler Fish"
"10806018001","Molotov-Fire Fish"
"10704003006","Kukri-Ultimate Gold"
"10102122006","M4A1-Royal Blue Gold Dragon"
"10602045006","Desert Eagle-Royal Blue Gold Dragon"
"10101108006","AK47-Royal Blue Gold Dragon"
"10102042006","M4A1-SSS"
"10101011006","AK47-A-Gold"
"10303002006","MG3-Gold"
"10101120006","AK47-Night Stalker"
"10704015006","Kukri-Nightblade"
"10704035006","Kukri-Mini"
"10751001006","Grim Reaper-Crystal"
"10801103001","Grenade-Shark"
"10101093006","AK47-Blue Pottery-Gold"
"10802026001","Flashbang-Multicolored Stone"
"10703003006","B.C Axe-Beast-Alpha"
"10202084006","Barrett M82A1-Beast Dragon"
"10502002006","Jack Hammer-Gold"
"10148003006","QBZ191-Golden Armor Tiger Roar-Alpha"
"10803007001","Smoke-Egg"
"10803065001","Smoke-Container"
"10801206001","Grenade-Container"
"10145002006","G3A3-Glaze-Alpha"
"10219001006","Barrett M82A1-Royal Blue Gold Dragon"
"10707020006","Shovel-Royal Blue Gold Dragon"
"10102050006","M4A1-XM-Winner"
"10101036006","AK47-SSS"
"10209003006","QBU09-Winner"
"10505003006","AA12-Buster"
"10101030006","AK47-Multiflora"
"10101031006","AK47-Noble Dragon"
"10102066006","M4A1-XS-Eternal Dragon"
"10202017006","Barrett M82A1-Eternal Dragon"
"10101183006","AK47-Pro Max"
"10102198006","M4A1-Pro Max"
"10602090006","Desert Eagle-Pro Max"
"10137001006","M4A1-Mini"
"10101148006","AK47-Mini"
"10602079006","Desert Eagle-Mini"
"10404004006","Thompson-Gilt"
"10201017006","AWM-Gilt"
"10101034006","AK47-Gilt"
"10120016006","QBZ03-Beast Dragon"
"10607031006","Anaconda-Beast Dragon"
"10705046006","Dragon Claws-Beast Dragon"
"10802094001","Flashbang-Beast Dragon"
"10307007006","KAC ChainSAW-Titan"
"10226001006","SR25-Titan"
"10602108006","Desert Eagle-Titan"
"10705033006","Mega Titan Fists-Inferno"
"10105019006","AN94-Ultimate Gold"
"10206016006","M200-Ultimate Gold"
"10102008006","M4A1-Ultimate Gold"
"10516007006","687 EELL Diamond Pigeon-Oboe"
"10405008006","Steyr TMP-Eternal Dragon"
"10614002006","COP 357-Eternal Dragon"
"10303011006","MG3-Sunny"
"10104018006","SCAR-Electric Organ"
"10202049006","Barrett M82A1-Mini"
"10202058006","Barrett M82A1-Pro Max"
"10134001006","Zero-Gold"
"10702003006","Light Blade"
"10716001006","Queen Bee Whipblade"
"10706012006","Hammer-Pixel"
"10104013006","SCAR-Esports Glory"
"10102163006","M4A1-Esports Glory"
"10221004006","TAC-Qing-Alpha"
"10318004006","Lewis Gun-Star Ark-Alpha"
"10225002006","GM6-War Storm-Alpha"
"10623007006","Colt1911-Sơn Hải Kinh-Alpha"
"10229002006","VSK-94-Chiyou-Alpha"
"10120011006","QBZ03-Nightblade"
"10628002006","MK23-Nightblade"
"10719005006","Nunchaku-Gold"
"10614006006","COP 357-Gold"
"10101095006","AK47-Multiflora-Gold"
"10737002006","Jungle Knife-Knight Blue-Gold"
"10102029006","M4A1-Anonymous"
"10726001006","Pan-Gold"
"10105025006","AN94-Laptop"
"10609021006","Modified Glock-Tactical Power Strip"
"10801233001","Wide Grenade-Sniper"
"10801241001","Grenade-Douyin"
"10806012001","Molotov-Douyin"
"10803088001","Smoke-Douyin"
"10802101001","Flashbang-Douyin"
"10743001006","Machete-Titanium"
"10101151006","AK47-Devil Wing"
"10711001006","Trident"
"10403015006","MK5-Connotation Mystery"
"10714003006","Spring Festival Feather Duster"
"10211014006","98K-Fantasy Punk"
"10605001006","Crossbow-Transformers"
"10614001006","Particle Cannon"
"10702002006","Phoenix"
"10702006006","Invisible Assassin Sword-Ultimate Gold"
"10702011006","Lightspeed Dualblades"
"10702026006","Invisible Assassin Sword-Ice Crystal"
"10705001006","Titan Gloves"
"10705003006","Dragon Claws"
"10706001006","Thunder Blade"
"10706004006","Sword-Doom"
"10706006006","Thunder Blade-Gold"
"10708004006","Bad Jokes Staff"
"10711003006","Trident-Poseidon"
"10715001006","Loulan Dual Spears"
"10724001006","Brick-Gold"
"10803069001","Octopus Smoke"
"10201004006","AWM-A-Gold"
"10705042006","Knuckles-Half Moon Tambourine"
"10502010006","Jack Hammer-Confession"
"10614009006","COP 357-Sakura"
"10801105001","Grenade-Booming"
"10802020001","Flashbang-Happy Sound"
"10304006006","M249-Born Beast"
"10702016006","Golden Slippers"
"10305018006","Gatling Gun-Gold"
"10603004006","Mauser M1896-Gold"
"10751003006","Golden Soccer Trophy"
"10602125006","Chalk Pistol"
"10750007006","Cute Puppy on Beach"
"10101215006","Gold Trumpet"
"10635001006","Taser"
"10305019006","Gatling Gun-Pencil Sharpener"
"10102217006","M4A1-Ferocious Tiger"
"10601013006","USP-Carnival Corgi"
"10101241006","Bull AK47"
"10751004006","Arcade Plane"
"10751005006","Paper Shuriken"
"10707041006","Hand Clapper Toy"
"10738013006","Toy Folding Knife"
"10706058006","Battle Club-Naughty Bunny"
"10609018006","Glock-Harmonica"
"10606006006","Croaking Cannon"
"10101058006","AK47-Soccer Babe"
"10801195001","Grenade-Chalk"
"10201042006","AWM-Spearfish"
"10801149001","Grenade-Ice Town"
"10803041001","Smoke-Ice Town"
"10802054001","Flashbang-Ice Town"
"10704006006","Kukri-Glory"
"10602013006","Desert Eagle-Glory"
"10201014006","AWM-Glory"
"10112001006","M14EBR-Royal Fire"
"10101025006","AK47-Glory"
"10102026006","M4A1-Glory"
"10305002006","Gatling Gun-Volcano"
"10501004006","XM1014-Royal Fire"
"10404005006","Thompson-Blue Pottery"
"10623003006","Dual Colt1911-Volcano"
"10803054001","Smoke-Ultimate Silversmith"
"10102077006","M4A1-Blue Crystal"
"10602031006","Desert Eagle-Blue Crystal"
"10703014006","B.C Axe-Blue Crystal"
"10801075001","Grenade-Chilli"
"10802039001","Flashbang-Beijing Opera-Mo"
"10803018001","Smoke-Lucky Rat"
"10101009006","AK47-Wukong"
"10303006006","MG3-Wukong"
"10102024006","M4A1-Ice-Alpha"
"10602009006","Desert Eagle-Wukong"
"10602012006","Desert Eagle-Ice-Alpha"
"10708001006","Jin Gu Bang"
"10704005006","Kukri-Ice-Alpha"
"10102103006","M4A1-S-Gold Phoenix"
"10201030006","AWM-Gold Phoenix"
"10704018006","Kukri-Gold Phoenix"
"10102243006","M4A1-Gold Black Dragon"
"10211009006","Kar 98K-Gold Black Dragon"
"10607036006","Anaconda-Gold Black Dragon"
"10202021006","Barrett M82A1-Ancient Dragon"
"10703017006","B.C Axe-Ancient Dragon"
"10702012006","Butterfly Knife"
"10105006006","AN94-Arnuvo"
"10602066006","Desert Eagle-Finger Pistol"
"10602069006","Desert Eagle-Comic"
"10510002006","Serbu Super Shorty-Knight Blue"
"10801086001","Wide Grenade-Gold Phoenix"
"10201005006","AWM-Blue Pottery"
"10202002006","Barrett M82A1-Royal Dragon"
"10303005006","MG3-Legend Dragon"
"10303003006","MG3-Perfect Silver"
"10502004006","Jack Hammer-Mutant Killer"
"10503002006","Armsel Striker-Oriental Phoenix"
"10506001006","M37-Thug"
"10602004006","Desert Eagle-Blue Pottery"
"10602007006","Desert Eagle-Jasmine"
"10602006006","Desert Eagle-Chaos Dragon"
"10602002006","Desert Eagle-Winter Land"
"10703004006","B.C Axe-Jasmine"
"10704002006","Kukri-Royal Dragon"
"10801032001","Molotov"
"10405003006","Steyr TMP-SS"
"10110003006","M14EBR-Oriental Phoenix"
"10602039006","Desert Eagle-Gold Phoenix"
"10405004006","Steyr TMP-Luna"
"10110018006","M14EBR-Neon"
"10710002006","Inflatable Hammer"
"10703010006","B.C Axe-Fire Hawk"
"10704007006","Kukri-Peony"
"10602014006","Desert Eagle-Peony"
"10101047006","AK47-Fire Hawk"
"10102058006","M4A1-Fire Hawk"
"10101026006","AK47-Peony"
"10102028006","M4A1-Peony"
"10202007006","Barrett M82A1-Spring Thunder"
"10603002006","Mauser M1896"
"10101010006","AK47-Blue Pottery"
"10102010006","M4A1-Blue Pottery"
"10305004006","Gatling Gun-Blue Pottery"
"10607003006","Anaconda-Blue Pottery"
"10707013006","Shovel-Blue Pottery"
"10206008006","M200-Bumblebee"
"10615005006","QSZ92-Hawaiian"
"10705031006","Dual Karambit-Rainbow"
"10734001006","Baton-Hawaiian"
"10124001006","Type-56-Hawaiian"
"10405011006","Steyr TMP-Valentine"
"10702027006","Laser Dagger-Valentine"
"10607015006","Anaconda-Royal Gold"
"10215001006","Savage 110BA-Chill"
"10603005006","Mauser M1896-Sakura"
"10703009006","B.C Axe-Falling Snow"
"10801170001","SWF Doll Grenade"
"10802038001","Flashbang-Beijing Opera Blue"
"10101139006","AK47-Comic"
"10123004006","HK417-Elite-Eternal Dragon"
"10103004006","QBZ95-Libra"
"10107004006","AUG-Leo"
"10109005006","9A91-Scorpius"
"10110005006","M14EBR-Taurus"
"10401005006","MP5-Aries"
"10402002006","UZI-Virgo"
"10502005006","Jack Hammer-Capricorn"
"10302006006","RPK-Sagittarius"
"10206002006","M200-Aquarius"
"10602016006","Desert Eagle-Pisces"
"10702008006","Dual Invisible Assassin Knife-Gemini"
"10705006006","Scythe Crab Claws-Cancer"
"10101032006","AK47-Mosaic"
"10102049006","M4A1-Commander"
"10130002006","AK103-Red Stripe"
"10212001006","MR1-Mercury"
"10746001006","Dual Karambit-Mars"
"10508004006","Hawk Type 92-Jupiter"
"10609008006","Modified Glock-Saturn"
"10408003006","QCW05-Uranus"
"10103014006","QBZ95-Neptune"
"10625005006","Gaming Controller"
"10714002006","Squawking Chicken"
"10801026001","Wide Grenade-Ultimate Gold"
"10801023001","Grenade-Emerald"
"10702055006","Thorny Rose"
"10702032006","KNIFE-Knight"
"10702009006","Ultimate Gold"
"10702029006","Assisted Knife"
"10702022006","Bowie Knife"
"10735001006","Glass Bead"
"10709002006","Iron Hammer-Chill"
"10405021006","Steyr TMP-Feng Shen Yan Yi"
"10414001006","CZS2-Azure Beach"
"10403002006","MK5-Royal Fire"
"10413001006","FN P90-Fatal Wasp"
"10515005006","KSG-Blue Silver Dragon"
"10516006006","Beretta-Blue Diamond"
"10405012006","Steyr TMP-Wood"
"10609006006","Dual Glock-Hearts"
"10802016001","Flashbang-Venus"
"10201013006","AWM-Azure Jasmine"
"10803003001","Smoke-Red"
"10723001006","Electric Whip"
"10201028006","AWM-Jade"
"10801181001","Grenade-Fireworks"
"10101018006","AK47-Winter Land"
"10102059006","M4A1-Winter Land"
"10109006006","9A91-Winter Land"
"10114006006","AK12-Winter Land"
"10505004006","AA12-Winter Land"
"10307003006","KAC-Winter Land"
"10201010006","AWM-Winter Land"
"10702025006","Laser Dagger-Winter Land"
"10722001006","Stick-Winter Land"
"10748001006","Brick-Winter Land"
"10707004006","Shovel-Winter Land"
"10801027001","Grenade-Winter Land"
"10705012006","Cat Gloves"
"10801007001","Grenade-Firecracker"
"10801080001","Lantern Grenade-Lantern"
"10101003006","AK47-SS"
"10101004006","AK47-Chaos Dragon"
"10101013006","AK47-A Jasmine"
"10101023006","AK47-A-Glittering Jasmine"
"10101027006","AK47-Black Stripes"
"10101059006","AK47-Blue Crystal"
"10101061006","AK47-Gun Girl"
"10101064006","AK47-Sakura"
"10101086006","AK47-RED"
"10101089006","AK47-Gold Phoenix"
"10101096006","AK47-Rose"
"10101115006","AK47-Red Crystal"
"10101170006","AK47-Sakura"
"10101171006","AK47-Black Gold"
"10101176006","AK47-Chroma"
"10101177006","AK47-Azure"
"10101197006","AK47-Sopena"
"10102003006","M4A1-SS"
"10102004006","M4A1-Royal Dragon"
"10102009006","M4A1-Wukong"
"10102012006","M4A1-S Jasmine"
"10102018006","M4A1-Winter Land"
"10102020006","M4A1-Rose"
"10102023006","M4A1-Glittering Jasmine"
"10102031006","M4A1-Fantasy"
"10102034006","M4A1-XS-Ancient Dragon"
"10102080006","M4A1-Sakura"
"10102092006","M4A1-XS-Jade"
"10102126006","M4A1-Red Crystal"
"10102134006","M4A1-Red & White Machine"
"10102136006","M4A1-Black Tiger"
"10102149006","M4A1-Custom Bandage"
"10102158006","M4A1-Finger Rifle"
"10102164006","M4A1-Sakura"
"10102165006","M4A1-Red"
"10102172006","M4A1-Azure"
"10102201006","M4A1-Ultimate Silversmith"
"10102230006","M4A1-Horus"
"10102231006","M4A1-Winter Frost"
"10102245006","M4A1-Guitar Graffiti"
"10102246006","M4A1-Hunter SS"
"10103003006","QBZ95-Flame"
"10103007006","QBZ95-Royal Dragon"
"10103018006","QBZ95-Volcano"
"10104006006","SCAR-Falling Snow"
"10104014006","SCAR-Elite"
"10105004006","AN94-SS"
"10105007006","AN94-Royal Dragon"
"10105012006","AN94-Phoenix"
"10106003006","XM8-Winter Frost"
"10107005006","AUG A1-A-Gold"
"10107006006","AUG-RED"
"10108004006","FAMAS-G2-Rainbow Radiance"
"10108005006","FAMAS-G2-Black Gold Legend"
"10109003006","9A91-SS"
"10109004006","9A91-Royal Fire"
"10109010006","9A91-Jade"
"10109011006","9A91-Knight Blue"
"10109012006","9A91-Halloween"
"10109014006","9A91-Elite"
"10109015006","9A91-Chroma"
"10110007006","M14EBR-Immortal Dragon"
"10110008006","M14EBR-Red Crystal"
"10110010006","M14EBR-Alloy"
"10110012006","M14EBR-Elite"
"10110013006","M14EBR-Chroma"
"10110014006","M14EBR-Azure"
"10110015006","M14EBR-Winter Land"
"10110017006","M14EBR-Ocean Blue"
"10113003006","M16-Royal Dragon"
"10113004006","M16-Blue Crystal"
"10114004006","AK12-SS"
"10114007006","AK12-Royal Gold"
"10115002006","AR-15-SS"
"10115003006","AR-15-Royal Dragon"
"10119003006","QBZ03-Marshall"
"10119004006","QBZ03-Royal Dragon"
"10120013006","QBZ03-Volcano"
"10123003006","HK417-Elite"
"10123009006","HK417-Red Dragon"
"10130001006","AK103-Sweetheart"
"10130003006","AK103-Black Hole"
"10131001006","CR-21-Storm"
"10131002006","CR-21-Flame"
"10132003006","Type 81-Royal Dragon"
"10139008006","G36"
"10140001006","MK47"
"10141001006","SKS"
"10146001006","MK18-Ocean Blue"
"10147001006","QBZ97"
"10401003006","MP5-Jasmine"
"10401007006","MP5KA4-Breeze"
"10401009006","MP5-Winter Frost"
"10402003006","Dual Micro Uzi-Rainbow Radiance"
"10403010006","MK5-Red Crystal"
"10403013006","MK5-Camo Skull"
"10404007006","Thompson-Winter Land"
"10405005006","Dual Steyr TMP-Royal Dragon"
"10405020006","Steyr TMP-Prime"
"10415001006","M12S"
"10501009006","VEPR12-Purple Demon"
"10502003006","Jack Hammer-Ultimate Silversmith"
"10502008006","Jack Hammer-Royal Gold"
"10506002006","M37-Fireworks"
"10506003006","M37-Royal Gold"
"10507001006","Water Jack Hammer"
"10508001006","Type 97-2 Anti-Riot Shotgun-Marshall"
"10515002006","KSG-Royal Dragon"
"10516002006","Beretta"
"10301003006","M60-Mutant Killer"
"10302004006","RPK-Jasmine"
"10303008006","MG3-Inferno Demon"
"10303010006","MG3-Camo Skull"
"10304004006","M249-Oriental Phoenix"
"10304005006","M249-Perfect Silver"
"10304008006","M249-Royal Gold"
"10305009006","Gatling Gun-Blue Crystal"
"10307002006","KAC-Ancient Dragon"
"10307004006","Phoenix KAC"
"10307005006","KAC-Camo Skull"
"10318001006","Lewis Gun-Chill"
"10319001006","CETME Ameli-Alloy"
"10320001006","MG36"
"10321001006","QBB95"
"10201006006","AWM-A Jasmine"
"10201015006","AWM-Romance"
"10201021006","AWM-Winter Land"
"10201023006","AWM-Warmth"
"10201024006","AWM-Blue Crystal"
"10201039006","AWM-Black Tiger"
"10201048006","AWM-Chroma"
"10201052006","AWM-Ultimate Silversmith"
"10201054006","AWM-Volcano"
"10202006006","Barrett M82A1-Wukong"
"10202008006","Barrett M82A1-Peony"
"10202022006","Barrett M82A1-Halloween"
"10202025006","Barrett M82A1-Gold Phoenix"
"10202026006","Barrett M82A1-Immortal Dragon"
"10202046006","Barrett M82A1-Sakura"
"10202053006","Barrett M82A1-Paper"
"10206003006","M200-Winter Land"
"10206004006","M200-Blue Pottery"
"10206006006","M200-Elite"
"10206007006","M200-Doodle"
"10209009006","QBU09-Volcano"
"10211010006","Kar98K-Chromatic"
"10211013006","98K-Volcano"
"10213001006","APR338-Breeze"
"10214001006","FRF2-Chill"
"10214003006","FRF2-Horus"
"10215003006","Savage-Chocolate"
"10601007006","USP-Royal Dragon"
"10602011006","Desert Eagle-Glittering Jasmine"
"10602018006","Desert Eagle-Toy"
"10602028006","Desert Eagle-Merry"
"10602035006","Desert Eagle-Ice Crystal"
"10602041006","Desert Eagle-Rose"
"10602042006","Desert Eagle-Immortal Dragon"
"10602046006","Dual Desert Eagle-Storm"
"10602049006","Dual Desert Eagle-Bloodthirsty"
"10602052006","Desert Eagle-Fried Chicken Thighs"
"10602053006","Desert Eagle-Black Tiger"
"10602070006","Dual Colt1991-Finger Pistol"
"10602071006","Desert Eagle-Full Firepower"
"10602074006","Desert Eagle-Chroma"
"10602080006","Dual Desert Eagle-Gold Fiend"
"10602082006","Desert Eagle-Azure"
"10602083006","Desert Eagle-Crystal"
"10602091006","Dual Desert Eagle-Flame"
"10602092006","Desert Eagle-Illusion"
"10602101006","Dual Desert Eagle-Phantom"
"10603008006","Mauser M1896-Ultimate Silversmith"
"10603009006","Mauser M1896-Royal Dragon"
"10604001006","Raging Bull"
"10607002006","Anaconda-Royal Fire"
"10607010006","Python-Breeze"
"10607013006","Anaconda-Alloy"
"10609003006","Glock-Mobile Team"
"10609004006","Modified Glock"
"10609005006","Dual Glock"
"10612001006","Toy Slingshot"
"10615003006","QSZ92-Falling Snow"
"10615004006","QSZ92-Marshall"
"10617001006","Batarang"
"10617009006","Dual Double Barrel-Crystal"
"10618001006","Kolibri"
"10621001006","CZ75"
"10623001006","Dual Colt1911-Halloween"
"10623002006","Colt1911-RED"
"10628005006","MK23-Silencer"
"10702007006","Scythe-Laborer"
"10702010006","Ice Cream Dagger"
"10702013006","Lightsaber"
"10702015006","Baton-Marshall"
"10702017006","Wooden Spoon-Rice"
"10702023006","Teaching Ruler"
"10702024006","Invisible Assassin Sword-Halloween"
"10702033006","Knife-Black Tiger"
"10702037006","Knife-Ice Cream"
"10702038006","Voidblade"
"10702065006","Void Rapier"
"10702066006","Carrot Blade"
"10703006006","B.C Axe-Royal Fire"
"10703020006","Phoenix B.C Axe"
"10703029006","B.C Axe-Lotus"
"10703030006","B.C Axe-Chroma"
"10703031006","Illusion Dual Axe"
"10703032006","B.C Axe-Prime"
"10703035006","Magic Broom"
"10703047006","B.C Axe-SS"
"10704014006","Kukri-Jade"
"10704020006","Kukri-Red Crystal"
"10704021006","Kukri-Immortal Dragon"
"10704043006","Kukri-Bumblebee"
"10704058006","Kukri-Flame"
"10704059006","Kukri-Winter Frost"
"10705002006","Dragon Fists-Chaos Dragon"
"10705008006","Storm Gloves"
"10705011006","Bayonet-Rainbow Radiance"
"10705013006","Dual Karambit-Royal Dragon"
"10705018006","Dual Karambit-Sakura"
"10705021006","Gold Karambit"
"10705022006","Golden Demon Gloves"
"10705023006","Gloves-Camo Skull"
"10705026006","Gloves-Blaze"
"10705027006","Dual Karambit-Chocolate"
"10705034006","Brass Knuckles-Volcano"
"10706002006","Keris-Winter Land"
"10706008006","Keris-Mithril"
"10706013006","Vajra"
"10706032006","Keris-Camo Skull"
"10707007006","Toy Flyswatter"
"10707017006","Shovel-Red"
"10707026006","Shovel-Azure"
"10707031006","Shovel-Horus"
"10709003006","Spanner-Beijing Opera"
"10710001006","Iron Hammer"
"10710006006","Laborer's Iron Hammer"
"10710009006","Hammer-Lollipop"
"10710011006","Thunder's Wrath-Alpha"
"10710014006","Void Mallet"
"10714001006","CF Torch"
"10719008006","Dual Dragon"
"10721001006","Pan-Frying Pan"
"10801057001","Dynamite Grenade"
"10801058001","Magic Bullet"
"10801060001","Grenade-Yo-yo"
"10801074001","Grenade-Halloween"
"10801076001","Grenade-Winter Land"
"10801082001","Grenade-Valentine"
"10801084001","Grenade-Lion Dance"
"10801094001","Grenade-Rubik's Cube"
"10801099001","Iron Mace-Storm"
"10801113001","Grenade-Continue"
"10801127001","Grenade-Sakura"
"10801128001","Grenade-Snowflake"
"10801129001","Grenade-Rose"
"10801135001","Grenade-Soap"
"10801136001","Grenade-Squawking Chicken"
"10801137001","Grenade-Mutant Baby"
"10801142001","Wide Grenade-Chroma"
"10801143001","Grenade-Azure"
"10801144001","Iron Mace-Camo Skull"
"10801145001","Grenade-Smile"
"10801148001","Grenade-Kungpeng"
"10801160001","Grenade-Prime"
"10801182001","Grenade-Reactor"
"10801189001","Grenade-Candyfloss"
"10802011001","Flashbang-Gold Phoenix"
"10802027001","Flashbang-M4A1-Gun Girl"
"10802028001","Flashbang-AK47-Gun Girl"
"10802029001","Flashbang-Barrett M82A1-Gun Girl"
"10802032001","Flashbang-Desert Eagle-Gun Girl"
"10802048001","Flashbang-White Tiger"
"10802065001","Flashbang-Noble Dragon"
"10803060001","Smoke-Halloween"
"10803070001","Smoke-Fire Ball"
"10819003001","Bình Graffiti"
"10801046001","Grenade-Weaver Girl and Cowherd"
"10801020001","Grenade-Infection"
"10801008001","Grenade-Kiss"
"10719004006","Nunchaku-Summer Limited"
"10801024001","Lamb Grenade"
"10801028001","Chicken Transformation Grenade"
"10801029001","Grenade-Lucky Knot"
"10801030001","Goddess Grenade"
"10801258001","Grenade Rắn Tham Ăn"
"10802009001","Memory Erasing Stick"
"10729001006","Linesman Flag"
"10801061001","Grenade-Soccer"
"10210001006","QBU88-Ngụy Trang"
"10801044001","Grenade-Summer Limited"
"10118003006","QBZ03-Summer Limited"
"10615002006","QSZ92-Summer Limited"
"10801047001","Eraser Grenade"
"10801036001","Worker Doll Grenade"
"10801040001","Top Scholar Grenade"
"10201009006","AWM-Ultimate Silver"
"10505002006","AA12-S"
"10305003006","Gatling Gun-Ultimate Silver"
"10303004006","MG3-Camo"
"10202001006","Barrett M82A1"
"10607001006","Anaconda"
"10704001006","Kukri"
"10707001006","Shovel"
"10801002001","Wide Grenade"
"10102017006","M4A1-Ultimate Silver"
"10104002006","SCAR-Ultimate Silver"
"10108002006","FAMAS-S"
"10101002006","AK47-A"
"10737001006","Jungle Knife-Knight Blue"
"10110002006","M14EBR-S-Camo"
"10103002006","QBZ95-A"
"10105002006","AN94-Camo"
"10109001006","9A91-S"
"10206001006","M200"
"10304002006","M249-S"
"10403001006","MK5-T Tiger"
"10405002006","Steyr TMP-S"
"10602008006","Desert Eagle-A"
"10709001006","Wrench"
"10209001006","QBU09"
"10102016006","M4A1-Custom Elite"
"10307001006","KAC-Vanguard"
"10104003006","SCAR-Camo"
"10305001006","Gatling Gun"
"10114001006","AK74"
"10107002006","AUG-S"
"10114002006","AK12"
"10125001006","M6 Assault Rifle"
"10126001006","RX4 Storm"
"10402001006","UZI"
"10413002006","P90"
"10417002006","PP19 Bizon"
"10418001006","Micro-Galil"
"10419001006","MP7"
"10519001006","M1216"
"10611001006","P228"
"10702004006","Harvester"
"10706043006","Keris"
"10208001006","Colt WA2000"
"10501003006","XM1014-A"
"10103001006","QBZ95"
"10104001006","SCAR"
"10110001006","M14EBR"
"10105001006","AN94"
"10303001006","MG3"
"10501001006","XM1014"
"10502001006","Jack Hammer"
"10503001006","Armsel Striker"
"10602001006","Desert Eagle"
"10703001006","B.C Axe"
"10201008006","AWM-B"
"10301002006","M60-A"
"10401004006","MP5KA4"
"10401002006","MP5-A"
"10404001006","Thompson"
"10107001006","AUG"
"10108001006","FAMAS"
"10113001006","M16"
"10304001006","M249"
"10203001006","DRAGUNOV"
"10101001006","AK47"
"10102001006","M4A1"
"10201001006","AWM"
"10501002006","SPAS-12"
"10401001006","MP5"
"10601001006","USP"
"10801001001","Grenade"
"10803001001","Smoke"
"10301001006","M60"
"31920204301","Barrett M82A1-Born Beast-Warth of Legend"
"31970407601","Kukri-Dragon-Legend"
"31970405201","Kukri-Dragon-Master"
"31910113801","AK47-Iron Beast-Legend"
"31910114901","AK47-Iron Beast-Diamond"
"31960210701","Desert Eagle-Born Beast-Master"
"31910200502","M4A1-Iron Beast-Master"
"31980111201","Grenade-Born Beast-Continue"
"31980203101","Flashbang-Born Beast-Continue"
"31980302501","Smoke-Born Beast-Continue"
"31910118401","AK47-Triệu Vân-Demon"
"31960300701","Mauser Giảm Thanh-Triệu Vân-Demon"
"31970603401","Thương Long Đảm-Sát Ma"
"31910115901","AK47-Tào Tháo-Overload"
"31910208901","M4A1-Iron Beast-Noble Gold-Champion Miracle"
"31960204701","Desert Eagle-Born Beast-Noble Gold-Champion Miracle"
"31970402301","Kukri-Beast-Noble Gold-Champion Miracle"
"31910111701","AK47-Born Beast-Noble Gold-Champion Miracle"
"31960701201","Bánh Xe Vương Giả-Champion Miracle"
"31970702201","Đòn Đánh Vương Giả-Champion Miracle"
"31980110601","Grenade-Born Beast-Noble Gold-Champion Miracle"
"31980202101","Flashbang-Born Beast-Noble Gold-Champion Miracle"
"31980301901","Smoke-Born Beast-Noble Gold-Champion Miracle"
"31960205801","Desert Eagle-Born Beast-Noble Gold-Champion Miracle"
"31970302401","B.C Axe-Beast-Noble Gold-Champion Miracle"
"31980111101","Grenade-Iron Beast-Noble Gold-Champion Miracle"
"31980302401","Smoke-Iron Beast-Noble Gold-Champion Miracle"
"31980203001","Flashbang-Iron Beast-Noble Gold-Champion Miracle"
"31980111701","Grenade AK47-Beast-Noble Gold-Champion Miracle"
"31980204001","Flashbang-AK47-Beast-Noble Gold-Champion Miracle"
"31980204101","Flashbang-AK47-Beast-Noble Gold-Beast Lava"
"31980302901","Smoke-AK47-Beast-Noble Gold-Beast Lava"
"31910216601","M4A1-Born Beast-Noble Gold-Champion Miracle"
"31980113001","M4A1-Born Beast-Noble Gold Grenade-Champion Miracle"
"31980204401","Flashbang-Born Beast-A-Noble Gold-Champion Miracle"
"31980303201","Smoke-Born Beast-A-Noble Gold-Champion Miracle"
"31920201901","Barrett M82A1-Born Beast-Noble Gold-Champion Miracle"
"31960207501","Desert Eagle-Thunder-Noble Gold-Champion Miracle"
"31970501901","Bladed Knuckles-Infernal Dragon-Noble Gold-Champion Miracle"
"31910121801","AK47-Steel Empire-Noble Gold-Champion Miracle"
"31910113101","AK47-Born Beast-Continue"
"31960701401","Anaconda-Born Beast-Continue"
"31970702301","Shovel-Born Beast-Continue"
"31910108101","AK47-Iron Beast-Ragnarok"
"31910210201","M4A1-Born Beast-Ragnarok"
"31910110201","AK47-Beast-Ragnarok"
"31960204401","Desert Eagle-Beast-Ragnarok"
"31970402201","Kukri-Beast-Ragnarok"
"31920203601","Barrett M82A1-Born Beast-Ragnarok"
"31970601701","Keris-Born Beast-Ragnarok"
"31960205701","Desert Eagle-Born Beast-Ragnarok"
"31970303301","B.C Axe-Iron Beast-Ragnarok"
"31960210001","Desert Eagle-Iron Beast-Ragnarok"
"31910120901","AK47-Born Beast-Ragnarok"
"31960702801","Anaconda-Born Beast-Ragnarok"
"31970702801","Shovel-Born Beast-Ragnarok"
"31980118401","Grenade-Born Beast-Ragnarok"
"31980206901","Flashbang-Born Beast-Ragnarok"
"31980305301","Smoke-Born Beast-Ragnarok"
"31980120301","Grenade-Beast-Ragnarok"
"31980207501","Flashbang-Beast-Ragnarok"
"31980306301","Smoke-Beast-Ragnarok"
"31961701301","Dual Double Barrel-Born Beast-Ragnarok"
"31970206101","Laser Dagger-Born Beast-Ragnarok"
"31980120401","Grenade-Born Beast-A-Ragnarok"
"31980207601","Flashbang-Born Beast-A-Ragnarok"
"31980306401","Smoke-Born Beast-A-Ragnarok"
"31940501401","Dual Steyr TMP-Angel-Blood"
"31910209301","M4A1-Iron Beast-Ragnarok"
"31910124801","AK47-Mộc Lan-Iron Lady"
"31910228001","M4A1-Beast-Ragnarok"
"31960902001","Glock-Beast-Ragnarok"
"31970504701","Bladed Knuckles-Beast-Ragnarok"
"31910209601","M4A1-Ranger-Frost"
"31910107701","AK47-Ranger-Frost"
"31920104501","AWM-Ranger-Frost"
"31960207701","Desert Eagle-Ranger-Frost"
"31970702401","Shovel-Ranger-Frost"
"31980113201","Molotov-Ranger-Frost"
"31980204601","Flashbang-Ranger-Frost"
"31980303401","Smoke-Ranger-Frost"
"31910118601","AK47-Beast-Frost"
"31960208701","Desert Eagle-Beast-Frost"
"31970404001","Kukri-Beast-Frost"
"31980115301","Grenade-Beast-Frost"
"31980205601","Flashbang-Beast-Frost"
"31980304301","Smoke-Beast-Frost"
"31910200501","M4A1-Iron Beast-Punk"
"31910200601","M4A1-Born Beast-Punk"
"31920202001","Barrett M82A1-Born Beast-Punk"
"31960203401","Desert Eagle-Born Beast-Punk"
"31970601401","Keris-Born Beast-Punk"
"31971000801","Thunderbolt Hammer-Iron Beast-Punk"
"31961400501","COP 357-Iron Beast-Punk"
"31910112101","AK47-Anubis-Punk"
"31910104901","AK47-Beast-Punk"
"31961700601","Dual Double Barrel-Born Beast-Punk"
"31970204001","Laser Dagger-Born Beast-Punk"
"31960207601","Desert Eagle-Beast-Punk"
"31970403401","Kukri-Beast-Punk"
"31980113101","Grenade-Beast-Punk"
"31980204501","Flashbang-Beast-Punk"
"31980303301","Smoke-Beast-Punk"
"31910117201","AK47-Born Beast-Punk"
"31960702001","Anaconda-Born Beast-Punk"
"31970702501","Shovel-Born Beast-Punk"
"31980113801","Grenade-Born Beast-Punk"
"31980204901","Flashbang-Born Beast-Punk"
"31980303601","Smoke-Born Beast-Punk"
"31910217701","M4A1-Beast-Punk"
"31960901201","Modified Glock-Beast-Punk"
"31970502401","Bladed Knuckles-Beast-Punk"
"31910218601","M4A1-Predator-Punk"
"31962500401","CZ75-Predator-Punk"
"31973800501","Jungle Knife-Predator-Punk"
"31910218801","M4A1-Anubis-Punk"
"31910125701","AK47-Iron Beast-Punk"
"31960213101","Desert Eagle-Iron Beast-Punk"
"31970305101","B.C Axe-Iron Beast-Punk"
"31980123001","Grenade-Predator-Punk"
"31980209201","Flashbang-Predator-Punk"
"31980308201","Smoke-Predator-Punk"
"31980116301","Grenade Beast-Prime"
"31980205701","Flashbang-Beast-Prime"
"31980304401","Smoke-Beast-Prime"
"31970502901"," Beast Knuckles-Prime"
"31910221301","M4A1-Beast-Pro Max"
"31960901601","Modified Glock-Beast-Pro Max"
"31970503501","Bladed Knuckles-Beast-Pro Max"
"31910222701","M4A1-Predator-Mosaic"
"31962500601","CZ75-Predator-Mosaic"
"31973800801","Jungle Knife-Predator-Mosaic"
"31961700701","Dual Double Barrel-Born Beast-Prime"
"31970204201","Laser Dagger-Born Beast-Prime"
"31910221201","M4A1-Born Beast-Paper"
"31961701201","Dual Double Barrel-Born Beast-Paper"
"31970206001","Laser Dagger-Born Beast-Mảnh Giấy"
"31910122801","AK47-Born Beast-Mini"
"31960703301","Anaconda-Born Beast Awakening-Hummingbird"
"31920206901","Barrett M82A1-Born Beast-Truyện tranh"
"31970604501","Keris-Born Beast-Truyện tranh"
"31910224101","M4A1-Tournament Spirit-Thịnh Vượng"
"31910123501","AK47-Chiến Hồn Đấu Trường-Thịnh Vượng"
"31971001801","Thunder-Comic"
"31910112201","AK47-Gladiator-Mithril"
"31910123601","AK47-Gladiator-Spring Festival"
"31920103601","AWM-Infernal Dragon-Devil"
"31920105001","AWM-Infernal Dragon-Heroic Battlegear"
"31961401201","COP 357-Iron Beast-Truyện tranh"
"31970704001","Shovel-Born Beast-Modern Metal"
"31970703001","Shovel-Born Beast-Mini"
"31970301301","B.C Axe-Beast-Devil"
"31910209001","M4A1-Predator-Mithril"
"31970402501","Kukri-Dragon-Devil"
"31970500901","Knuckle2-Infernal Dragon-Devil"
"31960208101","Desert Eagle-Born Beast-Purple Demon"
"31970404401","Kukri-Dragon-Heroic Battlegear"
"31910218701","M4A1-Iron Beast-Virgo"
"31910121001","AK47-Beast-A-Gun Girl"
"31920206701","Barrett M82A1-Born Beast-Súng Nữ"
"31910220401","M4A1-Iron Beast-Truyện tranh"
"31960210901","Desert Eagle-Born Beast-Truyện tranh"
"31910122901","AK47-Iron Beast-Rust"
"31960211601","Desert Eagle-Iron Beast-Rust"
"31970304401","B.C Axe-Iron Beast-Rust"
"31910222801","M4A1-Ranger-Gun Girl"
"31970406101","Kukri-Beast Rust"
"31970304501","B.C Axe-Beast Rust"
"31970504001","Knuckle2-Infernal Dragon-Gỉ Sét"
"31910123201","AK47-Star Speed 361-Paper"
"31910223601","M4A1-Tập Kích-Paper"
"31910224801","M4A1-Born Beast-Metal"
"31960212601","Desert Eagle-Born Beast-Metal"
"31920106401","AWM-Ranger-Gun Girl"
"31970407301","Kukri-Beast-Trời Sao"
"31910107801","AK47-Anubis-Devil"
"31910209501","M4A1-Beast-Energy Core"
"31910213001","M4A1-Predator-Prime"
"31962500201","CZ75-Predator-Prime"
"31973800301","Jungle Knife-Predator-Prime"
"31980110801","Grenade-Predator-Prime"
"31980302101","Smoke-Predator-Prime"
"31980202301","Flashbang-Predator-Prime"
"31920202901","Barrett M82A1-Born Beast-Frost"
"31920205501","Barrett M82A1-Iron Shark-Summer Breeze"
"31970204901","Butterfly Knife-Iron Shark-Summer Breeze"
"31963000201","Dual Colt-Iron Shark-Summer Breeze"
"31910107401","AK47-Beast-Jade"
"31960204801","Desert Eagle-Beast-Jade"
"31970402401","Kukri-Beast-Jade"
"31980110201","Grenade-Beast-Jade"
"31980201801","Flashbang-Beast-Jade"
"31980301601","Smoke-Beast-Jade"
"31910501301","AN94-Smilodon-Treasure"
"31910232001","M4A1-Born Beast-Inferno Blaze"
"31910232101","M4A1-Iron Beast-ProMax"
"31910129601","AK47-Anubis-Paper"
"31921101601","98K-Born Beast-Prime"
"31951501501","KSG-Born Beast-Prime"
"31932000301","MG36-Born Beast-Prime"
"31980122901","Grenade-Born Beast-A-Prime"
"31980209101","Flashbang-Born Beast-A-Prime"
"31980308101","Smoke-Born Beast-A-Prime"
"31980600801","Molotov-Born Beast-A-Prime"
"31910115001","AK47-Iron Beast-Heroic Battlegear"
"32001134000","M4A1-Iron Beast-Starlight"
"32001176000","AK47-Iron Beast-Ionic"
"32001244000","AK47-Beast-Floating"
"32001154000","Field Shovel-Born Beast Flames"
"32001243000","AK47-Iron Beast-Dusty"
"32001263000","M4A1-Born Beast-Shadow"
"32001165000","AK47-Born Beast-Flames"
"32001356000","M4A1-Iron Beast-Noble Gold-Shadow"
"32001283000","Barrett M82A1-Born Beast-Radiance"
"32001354000","Barrett M82A1-Born Beast-Ionic"
"32001189000","Thunderbolt Hammer-Iron Beast-Lighting"
"32001136000","M4A1-Iron Beast-Original"
"32001116000","M4A1-Predator-Thunder Soul"
"32001372000","M4A1-Born Beast-Ionic"
"32001113000","Barrett M82A1-Born Beast-Noble Gold-Ice"
"32001127000","Keris-Born Beast-Mystic Blue"
"32001328000","AK47-Cao Cao-Shadow Runner"
"32001250000","AK47-Beast-Noble Gold-Ice"
"32001252000","M4A1-Iron Beast-Noble Gold-Ice"
"32001014000","AK47-Iron Beast-Rhythmic Yellow"
"32001209000","AK47-Iron Beast-Pink & Blue"
"32001210000","AK47-Iron Beast-Red & Green"
"32001133000","M4A1-Ranger-Gold"
"32001203000","M4A1-Iron Beast-Red Green"
"32001222000","Kukri-Imperial Gold"
"32001226000","Knuckle2-Infernal Dragon-Pink & Blue"
"32001227000","Knuckle2-Infernal Dragon-Red & Green"
"32001229000","Kukri-Dragon-Pink & Blue"
"32001230000","Kukri-Dragon-Red & Green"
"32001153000","AK47-Beast-Bluelight"
"32001387000","AK47-Beast-Yellow"
"32001145000","M4A1-Beast-Gold"
"32001110000","M4A1-Born Beast-Yellow"
"32001111000","M4A1-Born Beast-Gray"
"32001112000","M4A1-Born Beast-Gold"
"32001276000","M4A1-Born Beast-Pink & Blue"
"32001208000","Barrett M82A1-Born Beast-Noble Gold-Copper"
"32001164000","AK47-Born Beast-Bluelight"
"32001204000","AK47-Born Beast-Red & Green"
"32001041000","Barrett M82A1-Born Beast-Yellow"
"32001042000","Barrett M82A1-Born Beast-Gray"
"32001043000","Barrett M82A1-Born Beast-Gold"
"32001277000","Barrett M82A1-Born Beast-Neon"
"32001278000","M4A1-Tournament Spirit-Yellow & Blue"
"32001279000","M4A1-Tournament Spirit-Yellow & Purple"
"32001197000","M4A1-Iron Beast-Noble Gold-Copper"
"32001158000","AK47-Ranger-Violet"
"32001370000","QBU09-El Dorado-Noble Gold-Copper"
"32001188000","COP 357-Iron Beast-Yellow"
"32001038000","Desert Eagle-Born Beast-Yellow"
"32001039000","Desert Eagle-Born Beast-Gray"
"32001040000","Desert Eagle-Born Beast-Gold"
"32001358000","AK47-Steel Empire-Noble Gold-Copper"
"32001396000","AWM-Red Frame Hawk-Yellow"
"32001385000","98K-Satellite-Yellow"
"32001340000","AK47-Mulan-Pink & Blue"
"32001050000","Desert Eagle-Born Beast-Blue"
"32001051000","Desert Eagle-Born Beast-Green"
"32001052000","Desert Eagle-Born Beast-Space Purple"
"32001053000","Desert Eagle-Born Beast-Pink"
"32001054000","Desert Eagle-Born Beast-Snow"
"32001130000","M4A1-Ranger-Purple"
"32001131000","M4A1-Ranger-Green"
"32001132000","M4A1-Ranger-Red"
"32001166000","Dual Steyr TMP-Angel-Green"
"32001167000","Dual Steyr TMP-Angel-White"
"32001168000","Dual Steyr TMP-Angel-Purple"
"32001169000","Dual Steyr TMP-Angel-Pink"
"32001170000","Dual Steyr TMP-Angel-Red"
"32001246000","M4A1-Iron Beast-Void"
"32001219000","Kukri-Imperial Red"
"32001220000","Kukri-Imperial Snow"
"32001221000","Kukri-Imperial Green"
"32001223000","Knuckle2-Infernal Dragon-Blue"
"32001224000","Knuckle2-Infernal Dragon-Green"
"32001225000","Knuckle2-Infernal Dragon-Purple"
"32001231000","Kukri-Dragon-Green"
"32001232000","Kukri-Dragon-Purple"
"32001233000","Kukri-Dragon-Blue"
"32001245000","Kukri-Dragon-Void"
"32001258000","AK47-Gladiator-Blue"
"32001259000","AK47-Gladiator-Purple"
"32001260000","AK47-Gladiator-White"
"32001280000","B.C Axe-Beast-Blue"
"32001281000","B.C Axe-Beast-Green"
"32001282000","B.C Axe-Beast-Purple"
"32001352000","SKS-Medusa-Alpha-Red"
"32001353000","SKS-Medusa-Alpha-Blue"
"32001364000","AWM-Angel-Blue"
"32001365000","AWM-Angel-Red"
"32001366000","AWM-Angel-Green"
"32001367000","Kar 98K-Blood Moon-Blue"
"32001368000","Kar 98K-Blood Moon-Purple"
"32001369000","Kar 98K-Blood Moon-Green"
"32001003000","AK47-Iron Beast-Red"
"32001004000","AK47-Iron Beast-Pink"
"32001005000","AK47-Iron Beast-Space Purple"
"32001006000","AK47-Iron Beast-Green"
"32001117000","B.C Axe-Iron Beast-Pink"
"32001118000","B.C Axe-Iron Beast-Green"
"32001119000","B.C Axe-Iron Beast-Red"
"32001120000","B.C Axe-Iron Beast-Purple"
"32001149000","AK47-Beast-Blue"
"32001150000","AK47-Beast-Xanh"
"32001151000","AK47-Beast-Space Purple"
"32001152000","AK47-Beast-Pink"
"32001386000","AK47-Beast-Red"
"32001140000","M4A1-Beast-Blue"
"32001141000","M4A1-Beast-Green"
"32001142000","M4A1-Beast-Purple"
"32001143000","M4A1-Beast-Pink"
"32001144000","M4A1-Beast-White"
"32001105000","M4A1-Predator-Blue"
"32001106000","M4A1-Predator-Green"
"32001107000","M4A1-Predator-Purple"
"32001108000","M4A1-Predator-Pink"
"32001109000","M4A1-Predator-White"
"32001350000","QBZ03-Predator-Green"
"32001351000","QBZ03-Predator-Blue"
"32001332000","98K-Born Beast-Green"
"32001333000","98K-Born Beast-Blue"
"32001205000","Barrett-Imperial Beast Red"
"32001206000","Barrett M82A1-Born Beast-Noble Gold-White"
"32001207000","Barrett M82A1-Born Beast-Noble Gold-Green"
"32001290000","Barrett M82A1-Born Beast-Noble Gold-Void"
"32001161000","AK47-Born Beast-Blue"
"32001162000","AK47-Born Beast-Space Purple"
"32001163000","AK47-Born Beast-Đồng Xanh"
"32001055000","Barrett M82A1-Born Beast-Blue"
"32001056000","Barrett M82A1-Born Beast-Green"
"32001057000","Barrett M82A1-Born Beast-Space Purple"
"32001058000","Barrett M82A1-Born Beast-Pink"
"32001059000","Barrett M82A1-Born Beast-Snow"
"32001124000","Keris-Born Beast-Green"
"32001125000","Keris-Born Beast-Blue"
"32001126000","Keris-Born Beast-Purple"
"32001394000","AK47-Fury Beast-Void"
"32001155000","AWM-Infernal Dragon-Blue"
"32001156000","AWM-Infernal Dragon-Red"
"32001157000","AWM-Infernal Dragon-Purple"
"32001194000","M4A1S-Imperial Red"
"32001195000","M4A1-Iron Beast-Noble Gold-White"
"32001196000","M4A1-Iron Beast-Noble Gold-Green"
"32001292000","Kukri-Beast-Noble Gold-Void"
"32001288000","AK47-Beast-Noble Gold-Void"
"32001289000","M4A1-Iron Beast-Noble Gold-Void"
"32001291000","Desert Eagle-Born Beast-Noble Gold-Void"
"32001296000","QBU09-Imperial Red"
"32001297000","QBU09-Imperial Green"
"32001298000","QBU09-Imperial Space Purple"
"32001214000","MK5-Mechanical Era-Blue"
"32001215000","MK5-Mechanical Era-Green"
"32001216000","MK5-Mechanical Era-Purple"
"32001217000","MK5-Mechanical Era-Pink"
"32001218000","MK5-Mechanical Era-White"
"32001185000","COP 357-Iron Beast-Green"
"32001186000","COP 357-Iron Beast-Purple"
"32001187000","COP 357-Iron Beast-White"
"32001121000","Kukri-Beast-Green"
"32001122000","Kukri-Beast-Red"
"32001123000","Kukri-Beast-Purple"
"32001269000","M4A1-S-Chameleon-Pink"
"32001382000","98K-Satellite-Pink"
"32001384000","98K-Satellite-Purple"
"32001395000","AWM-Red Frame Hawk-Purple"
"32001383000","98K-Satellite-Green"
"32001268000","M4A1-S-Chameleon-Red"
"32001010000","M4A1-Iron Beast-Green"
"32001009000","M4A1-Iron Beast-Space Purple"
"32001338000","AK47-Mulan-Purple"
"32001339000","AK47-Mulan-Pink"
"32001128000","Kukri-Beast-Gray"
"32001015000","M4A1-Iron Beast-Rhythmic Yellow"
"32001008000","M4A1-Iron Beast-Pink"
"32001012000","M4A1-Iron Beast-Red"
"32101036000","Búp Bê Zihan"
"32101026000","Búp Bê Beast"
"32101111000","Búp Bê Tiểu Hỏa Tử Trác Lộc"
"32101072000","Búp Bê Ragnarok"
"32101042000","Búp Bê FOX-Winter Land"
"32101018000","Búp Bê Thiên Sứ"
"32101023000","Búp Bê Linh Hồ eSports"
"32101024000","Búp Bê Rồng Con"
"32101048000","Búp Bê Nấm Nhỏ"
"32101010000","Búp Bê Tử Thần"
"32101031000","Búp Bê Hương Hương"
"32101064000","Búp Bê Tiểu Ác Quỷ Zombie"
"32101004000","Búp Bê Kẻ Ẩn Nấp Switcher"
"32101008000","Búp Bê Ghost-Guardian"
"32101012000","Búp Bê Bé Điên"
"32101013000","Búp Bê Thiết Kỵ"
"32101014000","Búp Bê JON-GR"
"32101015000","Búp Bê Gấu Koala"
"32101025000","Búp Bê Totoro"
"32101043000","Guan Xiaoyu Búp Bê"
"32101045000","Búp Bê Tiểu Điệp"
"32101047000","Búp Bê Bê Con"
"32101030000","Búp Bê Kẻ Ẩn Nấp Subject Alpha"
"32101032000","Búp Bê Lạc Y"
"32101033000","Búp Bê Thiếu Nữ Cổ Phong"
"32101041000","Búp Bê DJ MOS"
"32101002000","Búp Bê GR MOS"
"32101003000","Búp Bê Fox-Black List"
"32101028000","Búp Bê White Wolf"
"32101016000","Búp Bê Gấu Teddy"
"32101017000","Búp Bê Retriever Bunny"
"32101019000","Búp Bê MOS Vương Giả"
"32101020000","Búp Bê Thỏ Nhỏ Cung Đình"
"32101021000","Búp Bê Cậu Bé Bí Ẩn"
"32101022000","DJ Meo"
"32101058000","Búp Bê Kẻ Ẩn Nấp Đồng Tử"
"32101029000","Búp Bê Tiểu Kim Cang"
"32101039000","Búp Bê Thủy Thủ Mùa Hè"
"32101135000","Búp Bê Rồng Sữa MOS"
"32101049000","Búp Bê Yun Youyou"
"32301267000","Sticker: Ký Sự Trục Lộc"
"32301247000","Sticker: Sơn Hải Kinh"
"32301244000","Sticker: Ký Sự Phong Vân"
"32301241000","Sticker: Galaxy Trip"
"32301234000","Sticker: Rising Sun"
"32301097000","Sticker: Continue Hologram"
"32301092000","Sticker: Ragnarok "
"32301268000","Sticker: Zhuolu Mark"
"32301254000","Sticker: Unlimited Mark"
"32301246000","Sticker: Sơn Hải Kinh"
"32301243000","Sticker: War Storm Mark"
"32301242000","Sticker: Galaxy Trip"
"32301235000","Sticker: Rising Sun"
"32301126000","Sticker: MOS Cat"
"32301096000","Sticker: Continue"
"32301129000","Sticker: Born Beast"
"32301045000","Sticker: Snow Mountain"
"32301101000","Sticker: Zihan"
"32301311000","Sticker|Rồng Sữa BLADE Vàng"
"32301227000","Sticker: Shadow Island"
"32301228000","Sticker: Shadow Island"
"32301163000","Sticker: HeartShot-Yun (Laser)"
"32301162000","Sticker: Heartshot-cloud"
"32401033000","Phụ Kiện Vua Súng"
"32401006000","Phụ Kiện Huyền Thoại"
"32401056000","Linh Kiện Cảnh Báo Thay Đạn"
"32401054000","Trang Sức Công Trạng Hiển Hách"
"32401055000","Trang Sức Cẩn Thận Đầu"
"32401149000","Trang Sức Cẩn Thận Đầu"
"32401150000","Linh Kiện Hình Chiếu Cảnh Báo Thay Đạn"
"32401151000","Trang Sức Chiến Công Hiển Hách"
"32401171000","Trang Sức PERFECT"
"32401061000","Trang Sức Ragnarok"
"32401109000","Trang Sức Tiểu Ác Quỷ Zombie"
"32401069000","Trang Sức Cánh Cơ Giới Long"
"32401103000","Trang Sức Máy Bắn"
"32401108000","Trang Sức Hổ Nhỏ"
"32401153000","Trang Sức Mộc Lan"
"32401040000","Trang Sức MOS"
"32401027000","Trang Sức Lá Phong"
"32401050000","Trang Sức White Wolf"
"32401128000","Trang Sức Mặt Trăng"
"32401141000","Trang Sức Dynasty Sword Mini"
"32401107000","Trang Sức Đèn Lồng"
"32401065000","Trang Sức Continue"
"32401045000","Trang Sức Subject Alpha"
"32401068000","Chuông Ngân-Winter Land"
"32401007000","Trang Sức Cây Nhỏ"
"32401008000","Trang Sức Quái Vật"
"32401009000","Trang Sức FOX"
"32401024000","Trang Sức Vịt Con"
"32401026000","Trang Sức Đạn"
"32401028000","Trang Sức Victoria"
"32401029000","Trang Sức Tiểu Kim Cang"
"32401031000","Trang Sức Trái Đất"
"32401035000","Trang Sức Người Tuyết"
"32401036000","Trang Sức Bông Tuyết"
"32401038000","Trang Sức Kết Cát Tường"
"32401046000","Trang Sức Cảnh Sát Biển"
"32401047000","Trang Sức Cướp Biển"
"32401051000","Phụ Kiện Switcher"
"32401052000","Trang Sức Ảo Ảnh"
"32401053000","Trang Sức Bạch Mã"
"32401060000","Trang Sức Ly Dạ Quang"
"32401075000","Trang Sức Bê Con"
"32401076000","Trang Sức Zombie"
"32401081000","Trang Sức Medusa"
"32401082000","Trang Sức Poker"
"32401096000","Phụ Kiện Thần Súng"
"32401098000","Phụ Kiện Truyền Kỳ"
"32401101000","Trang Sức Tiểu Bạch Long"
"32401102000","Trang Sức Bậc Thầy Viền Nét"
"32401119000","Trang Sức Xẻng Sắt Đỏ"
"32401120000","Trang Sức Xẻng Sắt Lam"
"32401138000","Trang Sức Hoa Hồng Pha Lê"
"32401139000","Trang Sức Thỏ A Mẫn"
"32401142000","Trang Sức Cà Rốt"
"32401169000","MISSTrang Sức"
"32401170000","Trang Sức GOOD"
"32401173000","Trang Sức Một Uy Lực Ba Liên"
"32401230000","Phụ Kiện Rồng Sữa"
"32401143000","Phụ Kiện Biến Đổi HeartShot"
"32501110000","Sơn Xịt Ragnarok"
"32501011000","Sơn Xịt Ragnarok"
"32501045000","Sơn Xịt Born Beast"
"32501025000","Sơn Xịt Đỏ Zihan"
"32501047000","Sơn Xịt Titan"
"32501048000","Sơn Xịt Cơ Giáp Điện Từ"
"32501052000","Sơn Xịt Guan Xiaoyu"
"32501053000","Sơn Xịt Xin Lỗi"
"32501055000","Sơn Xịt Ngưu Ngưu"
"32501057000","Sơn Xịt Biến Ảo Ảo Ảnh"
"32501058000","Sơn Xịt Bươm Bướm"
"32501059000","Sơn Xịt Medusa"
"32501090000","Sơn Xịt Hổ Hổ Sinh Uy"
"32501092000","Sơn Xịt Tiểu Quỷ Zombie"
"32501002000","Headshot Spray"
"32501022000","Sơn Xịt Núi Lửa"
"32501044000","Sơn Xịt Thiên Mệnh"
"32501010000","Sơn Xịt Tóc Mây"
"32501078000","Sơn Xịt Yun Youyou"
"32927001000","AK47-Tào Tháo-Battlefield"
"32901001000","AK47-Iron Beast-Battlefield"
"32902001000","Barrett M82A1-Born Beast-Battlefield"
"32903001000","AK47-Beast-Battlefield"
"32908001000","M4A1-Iron Beast-Battlefield"
"32909001000","M4A1-Iron Beast-Noble Gold-Battlefield"
"32923001000","M4A1-Born Beast-Battlefield"
"32905001000","Barrett M82A1-Born Beast-Noble Gold-Battlefield"
"32935001000","M4A1-Iron Beast-Noble Gold-Special Forces"
"32911001000","Barrett M82A1-Iron Shark-Battlefield"
"32912001000","M200-Dominator-Battlefield"
"32906001000","AK47-Beast-Noble Gold-Battlefield"
"32936001000","M4A1-Iron Beast-EDM"
"32937001000","AK47-Iron Beast-EDM"
"32940001000","AK47-Beast-EDM"
"35342001000","[Hit Marker] P90-Rabbit"
"35343001000","[Hit Marker] TAC-Qing"
"35381001000","[Hit Marker] VSK-94-Chiyou"
"35356001000","[Hit Marker] Colt1911-Sơn Hải Kinh"
"35346001000","[Hit Marker] GM6-War Storm"
"35345001000","[Hit Marker] Lewis Gun-Star Ark"
"35366001000","[Hit Marker] QBZ191-Golden Armor Tiger Roar"
"35323001000","[Hit Marker] G36-Tournament Spirit-Arms Race"
"35442001000","P90-Rabbit (Hit Effect)"
"35443001000","TAC-Qing (Hit Effect)"
"35481001000","VSK-94-Chiyou (Hit Effect)"
"35456001000","Colt1911-Sơn Hải Kinh (Hit Effect)"
"35446001000","GM6-War Storm (Hit Effect)"
"35445001000","Lewis Gun-Star Ark (Hit Effect)"
"35466001000","QBZ191-Golden Armor Tiger Roar (Hit Effect)"
"37133009000","Âm Thanh hạ gục-Sound of Music"
"37133016000","Âm Thanh hạ gục-Idol Rhythm"
"37133008000","Âm Thanh hạ gục-Arcade Fever"
"37133010000","Âm Thanh hạ gục-Festive Firework"
"37133005000","Âm Thanh hạ gục-Ragnarok"
"37133002000","Âm Thanh hạ gục-Trench Warfare"
"37133001000","Âm Thanh hạ gục-Modern Battlefield"
"37133022000","Âm Thanh hạ gục-Butcher"
"37133004000","Âm Thanh hạ gục-Gold Rush"
"37133007000","Âm Thanh hạ gục-8bit"
"37133017000","Âm Thanh hạ gục-Guitar"
"37133018000","Âm Thanh hạ gục-Remix"
"37133019000","Âm Thanh hạ gục-Bass"
"37133020000","Âm Thanh hạ gục-Keyboard"
"37133021000","Âm Thanh hạ gục-Drums"
"37133003000","Âm Thanh hạ gục-Bounty Hunter"
"37202001000","Đường Sniper-Ragnarok "
"37201001000","Đường Sniper-Spiral Smoke"
"37209001000","Đường Sniper-Prime II"
"37301002000","Đường Parabol-Ragnarok "
"37301017000","Đường Parabol-Prime II"
"37301018000","Đường Parabol-Shadow Core"
"37301010000","Đường Parabol-Gravity Fruit"
"37301001000","Đường Parabol-Green"
"37301005000","Đường Parabol-Pink"
"37301006000","Đường Parabol-Yellow"
"37301007000","Đường Parabol-Blue"
"37301016000","Đường Parabol-Unlimited"
"37601001000","AK47-Cảm Ứng Mộc Lan"
"30125003000","C4-Legend Emblem"
"30125001000","C4-Iron Soul"
"30142002000","Hiệu Ứng Tháo Bom - Kết Ấn"
"30142001000","Hiệu Ứng Tháo Bom-Hệ Thống Hacker"
"20114002000","The Fates"
"20121002000","Switcher"
"20129002000","Laura"
"20133002000","Subject Alpha"
"20149002000","Nymphs"
"20188002000","Kiều Nguyệt"
"20172002000","Yun Youyou"
"20162002000","Zihan"
"20155003000","Đồng"
"20165002000","Guan Xiaoyu"
"20167002000","Ultimatum"
"20101302000","Ve Sầu"
"20103502000","Mộc Lan"
"20190002000","Swatress"
"20171002000","The Arch Grand"
"20100202000","Luna"
"20103602000","Shu Xue"
"20183001000","Wukong"
"20191002000","Sicarios"
"20148002000","Sun Goddess-Xi"
"20106002000","Victoria"
"20104002000","ULP"
"20111001000","White Wolf"
"20108002000","Lan"
"20103001000","MOS"
"20105002000","FOX Howl"
"20127002000","FOX-Summer"
"20136002000","JNS-Sport"
"20118002000","FOX-Winter Land"
"20164002000","SOV-Beach Swimsuit"
"20102001000","OMOH"
"20101001000","SWAT"
"20103902000","Sass"
"20105802000","Seraph"
"38201001001","Vòng Tay Xếp Hạng-Sơ"
"38201002002","Vòng Tay Xếp Hạng-Trung"
"38201003003","Vòng Tay Xếp Hạng-Cao"
"34001035000","Bánh Trôi Dễ Thương"
"34001010000","Nón Ragnarok"
"34001123000","Nón Dilophosaurus"
"34001114000","Nón Thỏ Ngọc Đông Thăng"
"34001122000","Nón Điện Từ"
"34001121000","Nón Du Hành Không Gian"
"34001026000","Sừng Hươu-Winter Land"
"34001083000","Nón Winter Land"
"34001085000","Nón Vũ Khí Lôi Đình"
"34001102000","Kính Bảo Hộ Chiến Thuật"
"34001088000","Nón Đèn Lồng"
"34001152000","Nón Xi Vưu"
"34001140000","Trâm Cài Mộc Lan"
"34001094000","Trứng Chim Và Tổ"
"34001033000","Phụ Kiện Tóc Anh Đào"
"34001110000","Nón Triệu Hồi Tử Thần"
"34001041000","Kẹp Tóc Yun Youyou"
"34001124000","Hóa Trang Đại Thánh"
"34001117000","Hóa Trang Cá Ngừ Vàng"
"34001129000","Hóa Trang Sủi Cảo"
"34001023000","Nón Bí Ngô"
"34001194000","Hóa Trang Rồng Sữa"
"34101040000","Đôi Cánh Phượng Hoàng"
"34101008000","Ba Lô Ragnarok"
"34101069000","Ba Lô Dilophosaurus"
"34101089000","Ba Lô Dragonfly"
"34101022000","Ba Lô Cổng Cyber"
"34101044000","Ba Lô Titanium Beast"
"34101090000","Ba Lô Ashling"
"34101027000","Ba Lô Gà Thét"
"34101084000","Ba Lô Trôi Nước"
"34101095000","Ba Lô Ashling-Zhuolu"
"34101003000","Ba Lô Màn Hình Điện Tử"
"34101014000","Ba Lô Bí Ngô Halloween"
"34101067000","Ba Lô Hỏa Tiễn"
"34101019000","Ba Lô Winter Land"
"34101042000","Ba Lô FOX-Winter Land"
"34101004000","Ba Lô Búp Bê Subject Alpha"
"34101076000","Ba Lô Loan Điểu"
"34101077000","Ba Lô Gấu Trúc Béo Ôm Ôm"
"34101046000","Ba Lô Heart"
"34101016000","Tổ Ấm Mèo MOS"
"34101017000","Nhà Nhỏ Rock Wang"
"34101119000","Ba Lô Rồng Sữa"
"34101052000","Ba Lô Yun Youyou Doll"
"34101025000","Guitar Vàng Yun Youyou"
"36302010000","[Thời Trang] BL-Swatress-Fortune Rabbit"
"36201010000","[Thời Trang] GR-Swatress-Fortune Rabbit"
"36201009000","[Thời Trang] GR Yun Youyou-Astral Purple"
"34001042000","Cầu Vai Vàng Yun Youyou"
"20201001000","Zombie"
"20202001000","Nurse"
"20203001000","Hulk"
"20207001000","Enchantress"
"20208001000","Assassin"
"20209001000","Shield"
"20210001000","Wizard"
"20211001000","Splitter"
"20212001000","Smoke"
"31002001001","Nhẫn Evil Dragon"
"31002002001","Nhẫn Phượng Hoàng"
"31002003001","Nhẫn Rắn Vàng"
"31001001001","Dây Holy Dragon"
"31001002001","Dây Evil Dragon"
"30105002003","Thẻ EXP +50%"
"30105002002","Thẻ EXP+20%"
"30105001002","Thẻ GP +20%"
"30134004001","Thẻ X2 Điểm Xếp Hạng"
"30134001001","Thẻ Bảo Vệ Điểm Rank"
"30134002001","Thẻ Bảo Vệ Điểm Cao Cấp"
"30134003001","Thẻ Bảo Vệ Điểm Cao Nhất"
"30109001000","Kềm C4"
"30107001000","Băng Đạn Rifle"
"30107003000","Băng Đạn Súng Máy"
"30107002000","Băng Đạn Sniper"
"30107004000","Băng Đạn SMG"
"30107005000","Băng Đạn Shotgun"
"30107006000","Băng Đạn Súng Ngắn"
"30101001000","Áo Chống Đạn"
"30101002000","Nón Chống Đạn"
"30103001000","Túi Y Tế"
"30102005000","Túi 5"
"30102004000","Túi 4"
"30102003000","Túi 3"
"30111001000","Thẻ Đổi Tên"
"30102006000","Ba Lô Số 6"
"30102007000","Ba Lô Số 7"
"30118001001","Ghost Blade"
"30118002001","Lưỡi Hái Tử Thần"
"30470001000","Thẻ Kích Hoạt Cài Đặt Ba Lô"
"30101003000","Bộ Chống Độc"
"30107007000","Băng Đạn Zombie"
"30104001000","Xu Hồi Sinh"
"30402005000","Phiếu 500 Tinh Thông"
"30402008000","Phiếu 3000 Tinh Thông"
"30402009000","Phiếu 5000 Tinh Thông"
"30402010000","Phiếu 8000 Tinh Thông"
"30409001000","Thẻ EXP 100"
"30409002000","Thẻ EXP 500"
"30409003000","Thẻ EXP 1000"
"30409004000","Thẻ EXP 5000"
"30409005000","Thẻ EXP 10000"
"30409007000","Thẻ EXP 50000"
"30401006000","Thẻ 20 Thiên Phú"
"30460001000","Thẻ Kích Hoạt Battle Pass Hoàng Kim"
"30460006000","Thẻ Battle Pass 50"
"30460008000","Thẻ Battle Pass 100"
"30460009000","Thẻ Battle Pass 200"
"30460011000","Thẻ Battle Pass 500"
"30460013000","Thẻ Battle Pass 1000"
"30460002000","Thẻ 5 Điểm Battle Pass "
"30460003000","Thẻ Battle Pass 10"
"30460004000","Thẻ Battle Pass 20"
"30460005000","Thẻ Battle Pass 30"
"30460007000","Thẻ Battle Pass 60"
"30460010000","Thẻ Battle Pass 300"
"30460012000","Thẻ Battle Pass 800"
"30460014000","Thẻ Battle Pass 3000"
"30460015000","Thẻ Battle Pass 5000"
"30460016000","Thẻ Battle Pass 8000"
"30460017000","Thẻ Battle Pass 10000"
"30460018000","Thẻ Battle Pass 1200"
"30460019000","Thẻ Battle Pass 1600"
"30460020000","Thẻ Battle Pass 2000"
"30460021000","Thẻ Battle Pass 1500"
"30460023000","Thẻ Battle Pass 2500"
"30460025000","Thẻ Battle Pass 12800"
"30460026000","Thẻ Battle Pass 26000"
"30413001000","Thẻ Mở Rộng Kho 100"
"30460041000","Thẻ Mở Battle Pass Hoàng Kim S2"
"30460042000","Thẻ 5 Điểm Battle Pass S2"
"30460043000","Thẻ Battle Pass 10 S2"
"30460044000","Thẻ Battle Pass 20 S2"
"30460045000","Thẻ Battle Pass 30 S2"
"30460046000","Thẻ Battle Pass 50 S2"
"30460047000","Thẻ Battle Pass 60 S2"
"30460048000","Thẻ Battle Pass 100 S2"
"30460049000","Thẻ Battle Pass 200 S2"
"30460050000","Thẻ Battle Pass 300 S2"
"30460051000","Thẻ Battle Pass 500 S2"
"30460052000","Thẻ Battle Pass 800S2"
"30460053000","Thẻ Battle Pass 1000 S2"
"30460054000","Thẻ Battle Pass 3000 S2"
"30460055000","Thẻ Battle Pass 5000 S2"
"30460056000","Thẻ Battle Pass 8000 S2"
"30460057000","Thẻ Battle Pass 10000 S2"
"30460058000","Thẻ Battle Pass 1200 S2"
"30460059000","Thẻ Battle Pass 1600 S2"
"30460060000","Thẻ Battle Pass 2000 S2"
"30460061000","Thẻ Battle Pass 1500 S2"
"30460062000","Thẻ Battle Pass 2500 S2"
"30460063000","Thẻ Battle Pass 12800 S2"
"30460064000","Thẻ Battle Pass 26000 S2"
"30306754000","Rương Vàng"
"30306988000","Bộ Sưu Tập Đại Thánh"
"30306989000","Bộ Sưu Tập Băng Phong"
"30310022000","Rương Gold-Luna"
"30311137000","Rương Hoa Tường Vi Nở Rộ"
"30309081000","Rương Trăng Đỏ"
"30310501000","Rương 50 Gem"
"30310502000","Rương 100 Gem"
"30310503000","Rương 300 Gem"
"30310504000","Quà Truyện Tranh"
"30310505000","Quà Vũ Khí Giải Trí"
"30310506000","Quà Vũ Khí Hummingbird"
"30310507000","Quà Vũ Khí Gold"
"30310508000","Quà Vũ Khí Hủy Diệt"
"30310509000","Quà Vũ Khí Born Beast-A"
"30310510000","Quà Vũ Khí Sấm Nổ"
"30310511000","Quà Ném Giải Trí"
"30310512000","Gói Grenade Beast"
"30310513000","Quà Ném Thiên Thần Sa Ngã"
"30310514000","Quà Ném Thunder"
"30310515000","Quà Ném Sấm Nổ"
"30310516000","Quà Ném Mechanical Era"
"30310517000","Quà Ném Beast"
"30310518000","Gói Quà Ném Born Beast "
"30310519000","Gói Quà Ném Born Beast-A"
"30310520000","Quà 1000 GP"
"30310521000","Quà 5000 GP"
"30310522000","Quà 10000 GP"
"30310523000","Rương Battle Pass Cơ Bản"
"30310524000","Rương Battle Pass Siêu"
"30310525000","Túi Khởi Hành Battle Pass"
"30310526000","Quà Battle Pass Siêu"
"30310527000","Quà Vũ Khí Ảo Thú"
"30306084000","Rương 10 Gem"
"30306607000","Rương 20 Gem"
"30310528000","Rương 199 Gem"
"30310529000","Rương 666 Gem"
"30310531000","Rương 1000 Gem"
"30310532000","Rương 200 Gem"
"30310533000","Rương 400 Gem"
"30310534000","Rương 500 Gem"
"30310535000","Rương 30 Gem"
"30310536000","Rương 60 Gem"
"30310537000","Rương 800 Gem"
"30310538000","Rương 1500 Gem"
"30310539000","Rương 2000 Gem"
"30310540000","Rương 3500 Gem"
"30310541000","Rương 7000 Gem"
"30311424000","Hộp Gem Cuối Tuần"
"30310530000","Rương Gem"
"30310021000","Rương Xúc Xắc Điểm Danh"
"30310703000","Hộp Xu Mộc Lan"
"30311582000","Hộp Tùy Biến Đường Parabol"
"30311471000","Hộp Gem May Mắn"
"30310547000","Quà Khởi Trình Cơ Bản"
"30310548000","Quà Khởi Trình Cao Cấp"
"30310549000","Gói Trác Việt Khởi Hành"
"30310550000","Quà Chí Tôn Khởi Hành"
"30310542000","Rương Gilt Primary"
"30310543000","Rương Vũ Khí Gilt Secondary"
"30310544000","Rương Vũ Khí Noble Dragon"
"30310545000","Rương Vũ Khí Earl"
"30310546000","Hộp Quay Thưởng Cấp Anh Hùng"
"30311417000","Hộp Đổi Ba Lô Vĩnh Viễn-Gem"
"30310462000","Rương Gem Tuần"
"30310551000","Rương 288 Gem"
"30310552000","Rương 188 Gem"
"30310553000","Rương 88 Gem"
"30310554000","Rương 66 Gem"
"30310555000","Quà Ném Chiến Hồn Đấu Trường"
"30310556000","Rương Hóa Trang Sủi Cảo"
"30310557000","Rương Nón Bí Ngô"
"30310558000","Rương Hóa Trang Cá Ngừ Vàng"
"30310559000","Rương Ba Lô Cổng Cyber"
"30310560000","Rương Ba Lô Ashling"
"30310561000","Rương Ba Lô Màn Hình Điện Tử"
"30310562000","Rương Ba Lô Hỏa Tiễn"
"30310563000","Rương Ba Lô Búp Bê Subject Alpha"
"30310564000","Rương Búp Bê Tử Thần"
"30310565000","Rương Búp Bê Thiên Sứ"
"30310566000","Rương Búp Bê Gấu Koala"
"30310567000","Rương Búp Bê Totoro"
"30311839000","Bộ Sưu Tập Kỳ Lân Rồng"
"30310568000","Rương Gem Bất Ngờ"
"30310569000","Rương 5 Gem"
"30311502000","Quà Tri Ân"
"30311503000","Rương 10 xu CF"
"30311504000","Rương Gem-Cao"
"30311505000","Rương Battle Pass-Sơ"
"30311506000","Rương Battle Pass-Trung"
"30311507000","Rương Battle Pass Cao Cấp"
"30311508000","Rương Tiếp Tế-Sơ"
"30311509000","Rương Tiếp Tế-Trung"
"30311619000","Rương Tiếp Tế-Cao"
"30311620000","Rương Tiếp Tế Đặc Biệt-Sơ"
"30311977000","Rương Tiếp Tế Đặc Biệt-Trung"
"30311978000","Rương Tiếp Tế Đặc Biệt-Cao"
"30310570000","Ảo Ảnh Vua Súng-Rương"
"30310571000","Rương Thần Súng Chiến Đấu"
"30310572000","20260130 Rương Dự Trữ 1"
"30310573000","20260130 Rương Dự Trữ 2"
"30310574000","20260130 Rương Dự Trữ 3"
"30310575000","20260130 Rương Dự Trữ 4"
"30310576000","20260130 Rương Dự Trữ 5"
"30310577000","20260130 Rương Dự Trữ 6"
"30310578000","20260130 Rương Dự Trữ 7"
"30310579000","20260130 Rương Dự Trữ 8"
"30310580000","20260130 Rương Dự Trữ 9"
"30310581000","20260130 Rương Dự Trữ 10"
"30310582000","20260130 Rương Dự Trữ 11"
"30310583000","20260130 Rương Dự Trữ 12"
"30310584000","20260130 Rương Dự Trữ 13"
"30310585000","20260130 Rương Dự Trữ 14"
"30310586000","20260130 Rương Dự Trữ 15"
"30310587000","20260130 Rương Dự Trữ 16"
"30310588000","20260130 Rương Dự Trữ 17"
"30310589000","20260130 Rương Dự Trữ 18"
"30310590000","20260130 Rương Dự Trữ 19"
"30310591000","20260130 Rương Dự Trữ 20"
"30310592000","Rương 388 Gem"
"30310593000","Rương 488 Gem"
"30310594000","Rương 588 Gem"
"30310595000","Rương 1200 Gem"
"30901004000","[Coupon Shop] 5 Gem"
"30901005000","[Coupon Shop] 10 Gem"
"30901006000","[Coupon Shop] 20 Gem"
"30901007000","[Coupon Shop] 30 Gem"
"30901008000","[Coupon Shop] 50 Gem"
"30901011000","[Coupon Shop] 100 Gem"
"30901012000","[Coupon Shop] 150 Gem"
"30901013000","[Coupon Shop] 200 Gem"
"30901014000","[Coupon Shop] 300 Gem"
"30901015000","[Coupon Shop] 500 Gem"
"30901018000","[Coupon Shop] 1000 Gem"
"30913136000","[Coupon Luân Hồi Vương Giả] 1 Xu Luân Hồi"
"35601003000","Phiếu Tẩy Luyện Nhân Vật"
"35601004000","Phiếu Tẩy Luyện Nhân Vật 10 Lần"
"33001002000","Xúc Xắc Tân Binh"
"33001001000","Xúc Xắc Vương Giả"
"35129001000","Xu Mộc Lan"
"34801301000","Xu May Mắn CF"
"34801302000","Xu May Mắn"
"34801303000","Xu Đoạt Bảo Đỉnh Cao Thi Đấu"
"34901301000","Xu Đổi Đỉnh Cao Thi Đấu"
"35001003000","GP Thưởng"
"34801013000","Xu May Mắn Zombie"
"34901024000","Xu Đổi Zombie"
"34901011000","Xu Đổi Chiến Hồn Đấu Trường"
"34801008000","Xu Rút Thưởng Chiến Hồn Đấu Trường"
"35127001000","Xu Khai Nguyên"
"34901006000","Huy Hiệu Ragnarok"
"34801003000","Xu May Mắn Ragnarok"
"34901022000","Xu Truyền Kỳ"
"35201008000","Nguyên Liệu Làm Trà Chiều"
"34801305000","Xu Thắng Lợi"
"34901304000","Đá Rực Rỡ"
"34801304000","Rubik Năng Lượng"
"33301001000","Xu Luân Hồi"
"33501303000","Đá Luân Hồi"
"34801306000","Xu May Mắn Beast Frost"
"34901302000","Xu Đổi Quá Tải"
"34801028000","Xu May Mắn Born Beast-Prime"
"34901067000","Xu Đổi Born Beast-Prime"
"34801307000","Xu May Mắn Lôi Thú"
"34801308000","Xu May Mắn TiTan"
"34801309000","Xu May Mắn Chiến Hồn Đấu Trường"
"34801310000","Xu May Mắn Chiến Thú"
"34801311000","Xu May Mắn Cyborg"
"34801312000","Xu May Mắn Quái Thú"
"34901305000","Huy Hiệu Continue"
"34801010000","Xu May Mắn Frost"
"34901020000","Huy Hiệu Frost"
"34801313000","Xu Rút Born Beast-A"
"34801314000","Xu Rút Born Beast-A Ragnarok"
"34801315000","Xu Rút Born Beast Ragnarok"
"34801316000","Xu May Mắn Chameleon"
"34801317000","Xu Rút Mùa Hè"
"34901306000","Xu Đổi Born Beast-A"
"34901307000","Xu Đổi Born Beast-A Ragnarok"
"34901308000","Xu Đổi Born BeastRagnarok"
"34901309000","Tắc Kè Bông Xu Đổi"
"34901310000","Xu Đổi Mùa Hè"
"34801318000","Xu May Mắn Iron Beast-Punk"
"34901311000","Xu Đổi Iron Beast-Punk"
"34801319000","Xu Rút Ảo Kho Thưởng Chính Dark Moon Quá Tải"
"34801320000","Xu Rút Ảo Kho Thưởng Chính Frost Quá Tải"
"33701001000","Chìa Khóa Rương"
"33801001000","Điểm May Mắn"
"33201001000","Xu Gacha"
"34801321000","Nhật Ký Yun Youyou"
"34801322000","Xu Quay Night Stalker"
"31299010000","Thẻ Trải Nghiệm Vũ Khí Chính"
"31299011000","Thẻ Trải Nghiệm Vũ Khí Phụ"
"31299012000","Thẻ Trải Nghiệm Cận Chiến VIP"
"31299013000","Thẻ Trải Nghiệm Ném"
"31233071000","Thẻ Tự Chọn Vũ Khí Nạp Lần Đầu Năm Chọn Một"
"31233154000","24-S2 Thẻ Tự Chọn Nhỏ 5"
"31233159000","24-S3 Thẻ Tự Chọn Nhỏ 3"
"31233169000","Thẻ Tự Chọn Cấp Anh Hùng Cựu Binh"
"31203003000","Thẻ Trải Nghiệm Rifle"
"31204004000","Thẻ Thử Sniper-Quý"
"31205005000","MG Thẻ Trải Nghiệm-Quý"
"31206006000","Thẻ Thử SMG-Quý"
"31207007000","Thẻ Trải Nghiệm Shotgun VIP"
"31208008000","Thẻ Trải Nghiệm Súng Ngắn"
"31209009000","Thẻ Trải Nghiệm Cận Chiến-VIP"
"31234301000","Thẻ Tự Chọn Vũ Khí Tím I"
"31234302000","Thẻ Tự Chọn Vũ Khí Tím II"
"31234303000","Thẻ Tự Chọn Dòng Huàn"
"31234305000","Thẻ Tự Chọn Vũ Khí VIP I"
"31234306000","Thẻ Tự Chọn II vũ khí VIP"
"31234304000","Bộ Thẻ Tự Chọn Chúc Long"
"31233086000","Thẻ Tự Chọn COP Cấp Anh Hùng"
"31234307000","Thẻ Tự Chọn Súng Búp Bê"
"31234308000","Thẻ Tự Chọn Vũ Khí Cận Chiến Nạp Lần Đầu"
"31234309000","Thẻ Tự Chọn Vũ Khí Nạp Lần Đầu"
"31234310000","Thẻ Tự Chọn Vũ Khí Chính Gaming Glory"
"31234311000","Thẻ Tự Chọn Vũ Khí Chính Ảo Thú"
"31234312000","Thẻ Tự Chọn Vũ Khí Chính Vua"
"31233083000","Thẻ Tự Chọn Skin Frost"
"31234313000","Thẻ Trải Nghiệm Vũ khí Đấu Rank A"
"31234314000","Rương Hiệu Ứng Ánh Sáng AK47-Beast"
"31234315000","Rương Hiệu Ứng Ánh Sáng Kukri-Beast"
"31234316000","Rương Hiệu Ứng Ánh Sáng AK47-Iron Beast"
"31234317000","Rương Hiệu Ứng Ánh Sáng B.C Axe-Iron Beast"
"31234318000","Rương Hiệu Ứng Ánh Sáng AK47-Born Beast"
"31234319000","Rương Hiệu Ứng Ánh Sáng M4A1-Beast"
"31234320000","Rương Hiệu Ứng Ánh Sáng M4A1-Predator"
"31234321000","Thẻ Chọn Vũ Khí Winter Land"
"31234322000","Rương Hiệu Ứng Ánh Sáng M4A1-Ranger"
"31234323000","Rương Rifle Giải Đấu Tự Chọn 1"
"31234324000","Rương Rifle Giải Đấu Tự Chọn 2"
"31234325000","Rương Rifle Giải Đấu Tự Chọn 3"
"31234326000","Rương Rifle Giải Đấu Tự Chọn 4"
"31234327000","Rương Rifle Giải Đấu Tự Chọn 5"
"31234328000","Rương Rifle Giải Đấu Tự Chọn 6"
"31234329000","Rương Rifle Giải Đấu Tự Chọn 7"
"31234330000","Rương Rifle Giải Đấu Tự Chọn 8"
"31234331000","Rương Rifle Giải Đấu Tự Chọn 9"
"31234332000","Rương SMG Giải Đấu Tự Chọn 1"
"31234333000","Rương SMG Giải Đấu Tự Chọn 2"
"31234334000","Rương Pistol Giải Đấu Tự Chọn 1"
"31234335000","Rương Pistol Giải Đấu Tự Chọn 2"
"31234336000","Rương Pistol Giải Đấu Tự Chọn 3"
"31234337000","Rương Pistol Giải Đấu Tự Chọn 4"
"31234338000","Rương MG Giải Đấu Tự Chọn 1"
"31234339000","Rương MG Giải Đấu Tự Chọn 2"
"31234340000","Rương Shotgun Giải Đấu Tự Chọn 1"
"31234341000","Rương Cận Chiến Giải Đấu Tự Chọn 1"
"31234342000","Rương Cận Chiến Giải Đấu Tự Chọn 2"
"31234343000","Rương Cận Chiến Giải Đấu Tự Chọn 3"
"31234344000","Rương Cận Chiến Giải Đấu Tự Chọn 4"
"31234345000","Rương Cận Chiến Giải Đấu Tự Chọn 5"
"31234346000","Rương Sniper Giải Đấu Tự Chọn 1"
"31234347000","Rương Sniper Giải Đấu Tự Chọn 2"
"31234348000","Rương Sniper Giải Đấu Tự Chọn 3"
"31234349000","Rương Ném Giải Đấu Tự Chọn 1"
"31234350000","Rương Ném Giải Đấu Tự Chọn 2"
"31234351000","Rương Ném Giải Đấu Tự Chọn 3"
"31234352000","Rương Ném Giải Đấu Tự Chọn 4"
"31234353000","Rương Ném Giải Đấu Tự Chọn 5"
"31234354000","Rương Ném Giải Đấu Tự Chọn 6"
"31234355000","Rương Nhân Vật Giải Đấu Tự Chọn 1"
"31234356000","Rương Nhân Vật Giải Đấu Tự Chọn 2"
"31234357000","Rương Nhân Vật Giải Đấu Tự Chọn 3"
"31234358000","Rương Skin Giải Đấu Tự Chọn 1"
"31234359000","Rương Skin Giải Đấu Tự Chọn 2"
"31234360000","Rương Skin Giải Đấu Tự Chọn 3"
"31234361000","Rương Skin Giải Đấu Tự Chọn 4"
"31234362000","Rương Skin Giải Đấu Tự Chọn 5"
"31234363000","Rương Skin Giải Đấu Tự Chọn 6"
"31234364000","Rương Skin Giải Đấu Tự Chọn 7"
"31234365000","Rương Skin Giải Đấu Tự Chọn 8"
"31234366000","Rương Skin Giải Đấu Tự Chọn 9"
"31234367000","Rương Skin Giải Đấu Tự Chọn 10"
"31234368000","Rương Skin Giải Đấu Tự Chọn 11"
"31234369000","Rương Skin Giải Đấu Tự Chọn 12"
"31234370000","Rương Skin Giải Đấu Tự Chọn 13"
"31234371000","Rương Skin Giải Đấu Tự Chọn 14"
"31234372000","Rương Skin Giải Đấu Tự Chọn 15"
"31234373000","Rương Skin Giải Đấu Tự Chọn 16"
"31234374000","Rương Skin Giải Đấu Tự Chọn 17"
"31234375000","Rương hiệu ứng ánh sáng M4A1-Iron Beast"
"31234376000","Rương hiệu ứng ánh sáng COP 357-Iron Beast"
"31234377000","Rương hiệu ứng ánh sáng M4A1-Born Beast"
"30135042000","Hình Đại Diện Mộc Lan"
"30135026000","Hình đại diện Ragnarok "
"30132001000","【Huyền Thoại】Khung Avatar"
"30132003000","[Kim Cương] Khung Avatar"
"30132015000","[Vua Súng] Khung Avatar"
"30132100000","[Thần Súng] Khung Avatar"
"30132102000","[Truyền Kỳ] Khung Avatar"
"30132103000","[Truyền Kỳ] Khung Avatar Top 500"
"30132183000","Khung Avatar Mộc Lan"
"30132170000","Khung Avatar Bộ Vũ Khí Đường Đao."
"30132125000","Khung Avatar Bộ Sấm Nổ"
"30117048001","Khung Bộ M4A1S-Imperial"
"30117049001","Khung Iron Beast"
"30117109001","[Ảo Thú] Khung"
"30117041001","[Bạc] Khung"
"30117042001","[Vàng] Khung"
"30117043001","[Bạch Kim] Khung"
"30117177001","[Thành Phố Bá Chủ] Khung"
"30117044001","[Kim Cương] Khung"
"30117090001","[Vua Súng] Khung"
"30117184001","[Thần Súng] Khung"
"30117045001","【Huyền Thoại】Khung"
"30117201001","[Thần Thoại] Khung"
"30117186001","[Truyền Kỳ] Khung Top 500"
"30117020001","Khung Hủy Diệt"
"30117021001","Khung Transfromer"
"30117022001","Khung Bộ Tử Thần"
"30117024001","Khung Bộ Born Beast "
"30117055001","Khung Bộ Ngự Long"
"30117103001","[Born Beast-A] Khung"
"30117106001","[Black Dragon] Khung"
"30117117001","Khung Zihan"
"30117125001","[Tường Vi Vàng] Khung"
"30117226001","Khung [Nguyên Thủ Vinh Dự]"
"30117076001","Khung Bộ Ranger"
"30117057001","Khung Sứ Thanh Hoa"
"30117114001","Khung Chúc Long"
"30117130001","Khung Misty"
"30117134001","Khung Bộ Cực Quang"
"30117142001","Khung Bộ Thiên Sứ"
"30117165001","Khung Medusa"
"30117196001","Khung Bộ Vũ Khí Tào Tháo"
"30117217001","Khung Bộ Thunder"
"30117228001","Khung Bộ Vũ Khí Băng Phong"
"30117269001","Khung Bộ Pterosaur"
"30117326001","Khung Bộ Vũ Khí Trăng Máu"
"30117270001","Viền Khung Bộ Vũ Khí Đường Đao."
"30117149001","Khung Bộ Mechanical Era"
"30117167001","Khung Chiến Hồn Đấu Trường"
"30117216001","Khung Bộ Sấm Nổ"
"30117297001","Khung Bộ Vũ Khí Mộc Lan"
"30117013001","Khung Tết Nguyên Đán"
"30130082000","Khung Chat Mộc Lan"
"30130054000","Khung Chat Fury Beast"
"30130035000","Khung Chat Angel Set"
"30130055000","Khung Chat Titanium Beast"
"30130072000","Khung Chat Wind God Pterosaur Weapon Set"
"30130073000","Khung Chat Dynasty Sword Weapon Set"
"30121007001","[Bạc] Biểu Tượng hạ gục"
"30121008001","[Vàng] Biểu Tượng hạ gục"
"30121009001","[Bạch Kim] Biểu Tượng hạ gục"
"30121010001","[Kim Cương] Biểu Tượng hạ gục"
"30121011001","[Huyền Thoại] Biểu Tượng hạ gục"
"30121027001","[Vua Súng]Biểu Tượng hạ gục"
"30121048001","【Thần Súng】Biểu Tượng hạ gục"
"30121050001","[Thần Thoại] Biểu Tượng hạ gục"
"30117348001","Khung S2 [Bạc]"
"30117349001","Khung S2 [Vàng]"
"30117350001","Khung S2 [Bạch Kim]"
"30117351001","Khung S2 [Kim Cương]"
"30117352001","Khung S2 [Vua Súng]"
"30117353001","Khung S2 [Thần Súng]"
"30117354001","Khung S2 [Huyền Thoại]"
"30117355001","Khung S2 [Thần Thoại]"
"30117356001","Khung Top 500 S2 [Truyền Kỳ]"
"30121057001","Biểu tượng tiêu diệt S2 [Bạc]"
"30121058001","Biểu tượng tiêu diệt S2 [Vàng]"
"30121059001","Biểu tượng tiêu diệt S2 [Bạch Kim]"
"30121060001","Biểu tượng tiêu diệt S2 [Kim Cương]"
"30121061001","Biểu tượng tiêu diệt S2 [Huyền Thoại]"
"30121062001","Biểu tượng tiêu diệt S2 [Vua Súng]"
"30121063001","Biểu tượng tiêu diệt S2 [Thần Súng]"
"30121064001","Biểu tượng tiêu diệt S2 [Thần Thoại]"
"30132211000","Khung Ảnh S2 [Huyền Thoại]"
"30132212000","Khung Ảnh S2 [Kim Cương]"
"30132213000","Khung Ảnh S2 [Vua Súng]"
"30132214000","Khung Ảnh S2 [Thần Súng]"
"30132215000","Khung Ảnh S2 [Thần Thoại]"
"30132216000","[Truyền Kỳ] Khung Ảnh Top 500 S2 [Truyền Kỳ]"
"30135064000","Đại diện Cá Tháng Tư"
"30132217000","Khung đại diện Cá Tháng Tư"
"10308002006","M240B-Gold Steel"
"10101133006","AK47-Iron Beast-Subject Alpha"
"10201034006","AWM-Infernal Dragon-JON"
"10102313006","M4A1-Azure Dragon"
"10102185006","M4A1-UnderTech Gold"
"10114005006","AK12-Iron Spider"
"10205002006","MSG90-Transformer Gods"
"10102255006","M4A1-Summer-Alpha"
"10102256006","M4A1-Summer"
"10105029006","AN94-Seafill"
"10602121006","Desert Eagle-Born Beast-Arch"
"10408008006","QCW05-Yumo"
"10307006006","KAC-Gold"
"10403014006","MK5-Gold"
"10302009006","RPK-Gold"
"10301004006","M60-Gold"
"10404009006","Thompson-Gold"
"10133001006","NAR-Gold"
"10109016006","9A91-Gold"
"10417001006","Bizon-Gold"
"10304003006","M249-Gold"
"10613002006","COP 357-A"
"10614007006","COP 357-Royal Blue Gold Dragon"
"10614014006","COP 357-White Dragon"
"10123006006","HK416-Monkey King-Alpha"
"10414003006","CZS2-Hồng Hài Nhi"
"10211004006","98K"
"10802003001","Flashbang-Nightmare"
"10416002006","Cat-MOS"
"10754001006","Chainsaw"
"10102015006","M4A1-A"
"10106001006","XM8"
"31912000901","QBZ03-Born Beast-Mithril"
"31962500301","CZ75-Predator-Mithril"
"31973800401","Jungle Knife-Predator-Mithril"
"31980110901","Grenade-Predator-Mithril"
"31980202401","Flashbang-Predator-Mithril"
"31980302201","Smoke-Predator-Mithril"
"31920106701","AWM-Red Frame Hawk-Shining Mithril"
"31920107201","AWM-Infernal Dragon-Mithril"
"31910122201","AK47-Iron Beast-Steel Veteran"
"31910223501","M4A1-Iron Beast-Steel Veteran"
"31910225301","M4A1-Predator-Steel Veteran"
"31910231501","M4A1-Born Beast-Steel Veteran"
"31910125601","AK47-Beast-Steel Veteran"
"31960213001","Desert Eagle-Beast-Steel Veteran"
"31960211501","Desert Eagle-Iron Beast-Steel Veteran"
"31910213301","M4A1-Predator-Noble Gold-Champion Miracle"
"31910215401","M4A1-Iron Beast-Heroic Battlegear"
"32101051000","Búp Bê Yumo"
"32101087000","Búp Bê GR Yumo"
"32101046000","Búp Bê Cơ Giáp Điện Từ"
"32101097000","Búp Bê Chiến Binh Vô Hạn"
"32101076000","Búp Bê Diaochan"
"32301171000","Sticker: Yumo"
"32301178000","Sticker: Yumo - Angry"
"32301179000","Sticker: Yumo - Love"
"32301205000","Sticker: Yumo - STAR"
"32301230000","Sticker: Limit-Surpassing Mark"
"32301231000","Sticker: Limit-Surpassing Record"
"32401184000","Trang Sức Yun Youyou"
"32401185000","Trang Sức Yumo"
"32401013000","Trang Sức Resident Evil"
"32401025000","Trang Sức The Fates"
"32401030000","Trang Sức Xiang"
"32401037000","Trang Sức Sói Đơn Độc"
"32501077000","Sơn Xịt Yumo Spray Paint"
"32501079000","Sơn Xịt Yumo Dynamic Spray Paint"
"38601029000","Biểu tượng hạ gục-Nailong"
"20144002000","Devil Hunter"
"20110002000","GHOST-W"
"20109002000","SOV"
"20112002000","JON"
"20131002000","Roy"
"20125002000","Sable"
"20137002000","DX"
"20177002000","Yumo"
"20152002000","Xiang"
"34001058000","Cầu Vai Yumo Purple-Gold"
"34001059000","Phụ Kiện Tóc Yumo"
"34101030000","Bộ Phát Nhạc Tử Kim-Yumo"
"34001060000","Kính Râm Lễ Hội Hỏa Tuyến"
"34101001000","Ba Lô Thiên Sứ Giáng Lâm"
"34001001000","Tai Mèo Đáng Yêu-Xanh"
"34001002000","Tai Mèo Đáng Yêu-Xám"
"34001022000","Băng Đô Tiểu Quỷ Bí Ngô"
"34001132000","Mặt Nạ T-Rex"
"34101083000","Ba Lô T-Rex"
"34001079000","Trang Sức Lục Nhĩ Mi Hầu"
"34001057000","Nón Hồng Hài Nhi"
"20215001000","Maiden"
"20227001000","Fake"
"30460065000","Thẻ Battle Pass 400"
"30460066000","Thẻ Battle Pass 600"
"30460067000","Thẻ Battle Pass 700"
"30460068000","Thẻ Battle Pass 900"
"30460069000","Thẻ Battle Pass 4000"
"30310596000","Rương 600 Gem"
"30310597000","Rương 700 Gem"
"30310598000","Rương 900 Gem"
"30310599000","Rương 3000 Gem"
"30310600000","Rương 4000 Gem"
"30310601000","Rương 5000 Gem"
"30310602000","Rương 6000 Gem"
"30310603000","Rương 8000 Gem"
"30310604000","Rương 9000 Gem"
"30310605000","Rương 10000 Gem"
"30310010001","Rương Kỳ Diệu"
"34801019000","Xu Rút Thưởng PVE"
"34901032000","Xu Đổi PVE"
"34901312000","Xu Đổi Yumo"
"34801323000","Nhật Ký Yumo"
"34801324000","Xu Bóng Đá"
"33201020000","Xu Gắp Thú"
"31234378000","Rương Sứ Thanh Hoa (4 Chọn 1)"
"31234379000","Rương Chọn Sticker Yumo"
"31234380000","Rương Hiệu Ứng Ánh Sáng Barrett M82A1-Born Beast"
"31234381000","Rương Hiệu Ứng Ánh Sáng Desert Eagle-Born Beast"
"31234382000","Rương Hiệu Ứng Ánh Sáng Keris-Born Beast"
"30135065000","Ảnh Đại Diện Giỗ Tổ Hùng Vương"
"30135066000","Ảnh Đại Diện Lễ 30/4"
"30135067000","Ảnh Đại Diện Quốc Tế Thiếu Nhi (Nam)"
"30132218000","Khung Ảnh Giỗ Tổ Hùng Vương"
"30132219000","Khung Ảnh Lễ 30/4"
"30132220000","Khung Ảnh Quốc Tế Thiếu Nhi"
"30132221000","Khung Ảnh Bóng Đá"
"30132222000","Khung Ảnh Seraph"
"30135068000","Ảnh Đại Diện Quốc Tế Thiếu Nhi (Nữ)"
"30135069000","Ảnh Đại Diện Bóng Đá"
"30135070000","Ảnh Đại Diện Seraph (GR)"
"30135071000","Ảnh Đại Diện Seraph (BL)"
"30135072000","Ảnh Đại Diện Giải Đấu-Thần Thoại"
"30135073000","Ảnh Đại Diện Giải Đấu-Thắng Lợi"
"30117366001","Khung Creator Sơ Cấp"
"30117367001","Khung Creator Cao Cấp"
"30117368001","Khung Creator Đỉnh Cao"
"30117357001","Khung S3【Bạc】"
"30117358001","Khung S3【Vàng】"
"30117359001","Khung S3【Bạch Kim】"
"30117360001","Khung S3【Kim Cương】"
"30117361001","Khung S3【Vua Súng】"
"30117362001","Khung S3【Thần Súng】"
"30117363001","Khung S3【Huyền Thoại】"
"30117364001","Khung S3【Thần Thoại】"
"30117365001","Khung Top 500 S3【Thần Thoại】"
"30121065001","Biểu tượng hạ gục S3【Bạc】"
"30121066001","Biểu tượng hạ gục S3【Vàng】"
"30121067001","Biểu tượng hạ gục S3【Bạch Kim】"
"30121068001","Biểu tượng hạ gục S3【Kim Cương】"
"30121069001","Biểu tượng hạ gục S3【Huyền Thoại】"
"30121070001","Biểu tượng hạ gục S3【Vua Súng】"
"30121071001","Biểu tượng hạ gục S3【Thần Súng】"
"30121072001","Biểu tượng hạ gục S3【Thần Thoại】"
"30132226000","Khung Ảnh S3【Huyền Thoại】"
"30132227000","Khung Ảnh S3【Kim Cương】"
"30132228000","Khung Ảnh S3【Vua Súng】"
"30132229000","Khung Ảnh S3【Thần Súng】"
"30132230000","Khung Ảnh S3【Thần Thoại】"
"30132231000","Khung Ảnh Top 500 S3【Thần Thoại】"
"30135001000","Ảnh Đại Diện Cute-Yun Youyou"
"30135002000","Ảnh Đại Diện Cute-Yumo"
"30135006000","Ảnh Đại Diện Trái Tim Ngọt Ngào"
"30135007000","Hình Đại Diện Oai Phong Mãnh Hổ"
"30135011000","Ảnh Đại Diện Làm Thuê"
"30135012000","Ảnh Đại Diện Tuổi Thơ Ngọt Ngào"
"30135013000","Ảnh Đại Diện Bánh Chưng Dễ Thương"
"30135019000","Avatar Thỏ Trăng"
"30135043000","Ảnh Đại Diện White Dew Nấu Trà"
"30135028000","Ảnh Đại Diện Yun Youyou E Thẹn"
"30135029000","Ảnh Đại Diện Yumo E Thẹn"
"30135023000","Hình Đại Diện Văn Khắc Giáp Cốt"
"30135038000","Ảnh Đại Diện Phi Hành Gia"
"10101158006","AK47-Buster III"
"10504004006","AA12-Hellblaze"
"10707046006","Shovel-Future Soldier"
"10101042006","AK47-Jewelry"
"10705055006","Dual Karambit-Mystery City Rainbow"
"10212005006","MR1-Dragon's Roar"
"10520001006","M1216-Fish"
"10211011006","98K-Wu Mengmeng"
"10408004006","QCW05-Gold"
"10101038006","AK47-Scope Mad"
"10102045006","M4A1-Scope Mad"
"10403003006","MK5-Scope Mad"
"10201043006","AWM-Camo Mini"
"10618002006","Golden Mini"
"10102033006","M4A1-Noble Dragon"
"10202016006","Barrett M82A1-Scope Mad"
"10206019006","M200-Black Hole"
"10702068006","Knife-Black Hole"
"10702053006","Invisible Assassin Sword-Nirvana"
"10802090001","Flashbang-Limitless Energy Warrior"
"10803080001","Smoke-Limitless Fault Warrior"
"10806006001","Molotov-Limitless Blaze Warrior"
"10705015006","EM Mecha Gauntlets"
"10212003006","MR1-White Dragon Horse"
"10705054006","Dual Karambit-Mystery City Rainbow-Alpha"
"10819006001","Doll Amplifier"
"10305006006","Gatling Gun-Ocean"
"31960901301","Modified Glock-Beast-Prime"
"31910123301","AK47-Earl Royal-Comic"
"31910221401","M4A1-Born Beast-Prime"
"31970701501","Shovel-Born Beast-Prime"
"31970302501","B.C Axe-Beast-Heroic Battlegear"
"31950400901","Golden Shark-Mutant Venom"
"32001159000","Barrett M82A1-Iron Shark-Green"
"32001331000","Barrett M82A1-Iron Shark-Blue"
"32001330000","Barrett M82A1-Iron Shark-Red"
"32101055000","Búp Bê Wu Mengmeng"
"32101090000","Búp Bê GR Wu Mengmeng"
"32101096000","Prime Doll"
"32101056000","Búp Bê Qingya"
"32101088000","Búp Bê GR Qingya"
"32301183000","Sticker: Wu Mengmeng-Angry"
"32301184000","Sticker: Wu Mengmeng-Love"
"32301206000","Sticker: Wu Mengmeng-STAR"
"32301189000","Sticker: Qingya-Angry"
"32301190000","Sticker: Qingya-Love"
"32301207000","Sticker: Qingya - STAR"
"32301251000","Sticker: Prime"
"32301196000","Sticker: Sunrise Oracle Mark"
"32301197000","Sticker: Sunrise Oracle Record"
"32301800000","Sticker|EWC"
"32401023000","Trang Sức Phao Bơi"
"32401186000","Trang Sức Wu Mengmeng"
"32401017000","Trang Sức Anh Em Đồng Lòng"
"32401187000","Trang Sức Qingya"
"32401124000","Trang Sức Titan Quyền Lực"
"32401152000","Trang Sức Phong Vân Chiến Tranh"
"32401163000","Trang Sức Lõi Năng Lượng"
"32501082000","Sơn Xịt Wu Mengmeng"
"32501084000","Sơn Xịt Qingya"
"32501119000","Sơn Xịt Lõi Năng Lượng"
"32501800000","Sơn Xịt EWC"
"37210001000","Đường Sniper-Shadow Core"
"37208001000","Đường Sniper-Prime"
"37301015000","Đường Parabol-Prime"
"20179002000","Wu Mengmeng"
"20184002000","Qingya"
"20193002000","Lan Xi'er"
"34001082000","Cầu Vai Qingya Purple-Gold"
"34001066000","Cầu Vai Wu Mengmeng Purple-Gold"
"34101035000","Bass Tử Kim Wu Mengmeng"
"34001067000","Phụ Kiện Tóc Wu Mengmeng"
"34101043000","Đàn Tử Kim Qingya"
"34001101000","Mặt Nạ Vịt Vàng"
"34101059000","Ba Lô Rubber Duck"
"34001130000","Nón Chiến Binh Vô Hạn"
"34001030000","Ăng Ten Giáp Máy Điện Từ"
"34101020000","Ba Lô Giáp Điện Từ"
"30310606000","Rương Battle Pass Nâng Cao"
"30310607000","Quà Đăng Nhập Học Viện Phòng Vệ"
"30310608000","Rương Gem Ngẫu Nhiên"
"30310010002","Rương Kỳ Diệu Mùa Hè"
"34801325000","Xu May Mắn Steel Veteran"
"34801326000","Xu Xúc Xắc"
"34801327000","Điểm Bước Chân"
"34801328000","Điểm Thần Thoại"
"34801329000","Vé Rút x10"
"34801330000","Nhật Ký Của Qingya"
"34801331000","Nhật Ký Wu Mengmeng"
"34901313000","Xu Đổi Wu Mengmeng"
"34901314000","Xu Đổi Qingya"
"31234383000","Thẻ Tự Chọn Zombie 1.0"
"31234384000","Thẻ Tự Chọn Zombie 2.0"
"31234385000","Rương Hiệu Ứng Ánh Sáng Barrett M82A1-Iron Shark"
"31234386000","Bộ quà tặng lễ hội mùa hè"
"30117369001","Khung S4【Bạc】"
"30117370001","Khung S4【Vàng】"
"30117371001","Khung S4【Bạch Kim】"
"30117372001","Khung S4【Kim Cương】"
"30117373001","Khung S4【Vua Súng】"
"30117374001","Khung S4【Thần Súng】"
"30117375001","Khung S4【Huyền Thoại】"
"30117376001","Khung S4【Thần Thoại】"
"30117377001","Khung Top 500 S4【Thần Thoại】"
"30121073001","Biểu tượng hạ gục S4【Bạc】"
"30121074001","Biểu tượng hạ gục S4【Vàng】"
"30121075001","Biểu tượng hạ gục S4【Bạch Kim】"
"30121076001","Biểu tượng hạ gục S4【Kim Cương】"
"30121077001","Biểu tượng hạ gục S4【Huyền Thoại】"
"30121078001","Biểu tượng hạ gục S4【Vua Súng】"
"30121079001","Biểu tượng hạ gục S4【Thần Súng】"
"30121080001","Biểu tượng hạ gục S4【Thần Thoại】"
"30132232000","Khung Ảnh S4【Huyền Thoại】"
"30132233000","Khung Ảnh S4【Kim Cương】"
"30132234000","Khung Ảnh S4【Vua Súng】"
"30132235000","Khung Ảnh S4【Thần Súng】"
"30132236000","Khung Ảnh S4【Thần Thoại】"
"30132237000","Khung Ảnh Top 500 S4【Thần Thoại】"
"30117378001","Khung S-I【E】"
"30117379001","Khung S-I【D】"
"30117380001","Khung S-I【C】"
"30117381001","Khung S-I【B】"
"30117382001","Khung S-I【A】"
"30117383001","Khung S-I【S】"
"30117384001","Khung S-I【SS】"
"30117385001","Khung S-I【SS+】"
"30117386001","Khung S-I【TOP 500】"
"30121081001","Biểu tượng hạ gục S-I【E】"
"30121082001","Biểu tượng hạ gục S-I【D】"
"30121083001","Biểu tượng hạ gục S-I【C】"
"30121084001","Biểu tượng hạ gục S-I【B】"
"30121085001","Biểu tượng hạ gục S-I【SS】"
"30121086001","Biểu tượng hạ gục S-I【A】"
"30121087001","Biểu tượng hạ gục S-I【S】"
"30121088001","Biểu tượng hạ gục S-I【SS+】"
"30132238000","Khung Ảnh S-I【SS】"
"30132239000","Khung Ảnh S-I【B】"
"30132240000","Khung Ảnh S-I【A】"
"30132241000","Khung Ảnh S-I【S】"
"30132242000","Khung Ảnh S-I【SS+】"
"30132243000","Khung Ảnh S-I【TOP 500】"
"30132244000","Khung Ảnh EWC"
"30135074000","Ảnh Đại Diện Đặt Bom Kinh Tế Bậc【F】"
"30135075000","Ảnh Đại Diện Đặt Bom Kinh Tế Bậc【E】"
"30135076000","Ảnh Đại Diện Đặt Bom Kinh Tế Bậc【D】"
"30135077000","Hình Đại Diện Đặt Bom Kinh Tế Bậc [C]"
"30135078000","Ảnh Đại Diện Đặt Bom Kinh Tế Bậc【B】"
"30135079000","Ảnh Đại Diện Đặt Bom Kinh Tế Bậc【A】"
"30135080000","Ảnh Đại Diện Đặt Bom Kinh Tế Bậc【S】"
"30135081000","Ảnh Đại Diện Đặt Bom Kinh Tế Bậc【SS】"
"30135082000","Ảnh Đại Diện S-I【SS+】"
"30135083000","Ảnh Đại Diện S-I【TOP 500】"
"30414091000","Ngọn Đao Phá Trận"
"30414092000","Phát Súng Quyết Định"
"30414093000","Áp Chế Hỏa Tuyến"
"30414094000","Mưu Định Toàn Cục"
"30414095000","Tiên Phong Gỡ Bom"
"30414096000","Bách Chiến Vương"
"30135084000","Avatar Blade BL"
"30135085000","Avatar Fox BL"
"30135086000","Avatar SWAT BL"
"30135087000","Avatar Fox GR"
"30135088000","Avatar SWAT GR"
"30117387001","Khung EWC"
"30135089000","Ảnh Đại Diện Mùa Hè 2026"
"30135090000","Ảnh Đại Diện Học Viện Phòng Vệ"
"30132245000","Khung Ảnh Mùa Hè 2026"
"30132246000","Khung Ảnh Học Viện Phòng Vệ"
"30414085000","Tân Binh Sưu Tầm"
"30414086000","Nhà Sưu Tầm-lv1"
"30414087000","Nhà Sưu Tầm-lv2"
"30414088000","Nhà Sưu Tầm-lv3"
"30414089000","Bậc Thầy Sưu Tầm"
